<?xml version="1.0" encoding="UTF-8"?>
<kml xmlns="http://www.opengis.net/kml/2.2">
<Document>
<name>Ciudad Delgado · 18 zonas</name>
<description>Distrito Ciudad Delgado (San Salvador Centro, San Salvador). Zonas 1 a 18 trazadas sobre el mapa oficial de zonas del distrito, georreferenciado con los límites de cantones y barrios.</description>
<Style id="distrito"><LineStyle><color>ff3cc864</color><width>3.5</width></LineStyle><PolyStyle><fill>0</fill></PolyStyle></Style>
<Style id="etiqueta"><IconStyle><scale>0</scale></IconStyle><LabelStyle><color>ffffffff</color><scale>1.1</scale></LabelStyle></Style>
<Style id="z1"><LineStyle><color>ffeed322</color><width>2.5</width></LineStyle><PolyStyle><color>594b19e6</color></PolyStyle><LabelStyle><scale>0</scale></LabelStyle></Style>
<Style id="z2"><LineStyle><color>ffeed322</color><width>2.5</width></LineStyle><PolyStyle><color>594bb43c</color></PolyStyle><LabelStyle><scale>0</scale></LabelStyle></Style>
<Style id="z3"><LineStyle><color>ffeed322</color><width>2.5</width></LineStyle><PolyStyle><color>5919e1ff</color></PolyStyle><LabelStyle><scale>0</scale></LabelStyle></Style>
<Style id="z4"><LineStyle><color>ffeed322</color><width>2.5</width></LineStyle><PolyStyle><color>59d86343</color></PolyStyle><LabelStyle><scale>0</scale></LabelStyle></Style>
<Style id="z5"><LineStyle><color>ffeed322</color><width>2.5</width></LineStyle><PolyStyle><color>593182f5</color></PolyStyle><LabelStyle><scale>0</scale></LabelStyle></Style>
<Style id="z6"><LineStyle><color>ffeed322</color><width>2.5</width></LineStyle><PolyStyle><color>59b41e91</color></PolyStyle><LabelStyle><scale>0</scale></LabelStyle></Style>
<Style id="z7"><LineStyle><color>ffeed322</color><width>2.5</width></LineStyle><PolyStyle><color>59f0f046</color></PolyStyle><LabelStyle><scale>0</scale></LabelStyle></Style>
<Style id="z8"><LineStyle><color>ffeed322</color><width>2.5</width></LineStyle><PolyStyle><color>59e632f0</color></PolyStyle><LabelStyle><scale>0</scale></LabelStyle></Style>
<Style id="z9"><LineStyle><color>ffeed322</color><width>2.5</width></LineStyle><PolyStyle><color>590cf6bc</color></PolyStyle><LabelStyle><scale>0</scale></LabelStyle></Style>
<Style id="z10"><LineStyle><color>ffeed322</color><width>2.5</width></LineStyle><PolyStyle><color>59bebefa</color></PolyStyle><LabelStyle><scale>0</scale></LabelStyle></Style>
<Style id="z11"><LineStyle><color>ffeed322</color><width>2.5</width></LineStyle><PolyStyle><color>59808000</color></PolyStyle><LabelStyle><scale>0</scale></LabelStyle></Style>
<Style id="z12"><LineStyle><color>ffeed322</color><width>2.5</width></LineStyle><PolyStyle><color>59ffbee6</color></PolyStyle><LabelStyle><scale>0</scale></LabelStyle></Style>
<Style id="z13"><LineStyle><color>ffeed322</color><width>2.5</width></LineStyle><PolyStyle><color>5924639a</color></PolyStyle><LabelStyle><scale>0</scale></LabelStyle></Style>
<Style id="z14"><LineStyle><color>ffeed322</color><width>2.5</width></LineStyle><PolyStyle><color>59c8faff</color></PolyStyle><LabelStyle><scale>0</scale></LabelStyle></Style>
<Style id="z15"><LineStyle><color>ffeed322</color><width>2.5</width></LineStyle><PolyStyle><color>59000080</color></PolyStyle><LabelStyle><scale>0</scale></LabelStyle></Style>
<Style id="z16"><LineStyle><color>ffeed322</color><width>2.5</width></LineStyle><PolyStyle><color>59c3ffaa</color></PolyStyle><LabelStyle><scale>0</scale></LabelStyle></Style>
<Style id="z17"><LineStyle><color>ffeed322</color><width>2.5</width></LineStyle><PolyStyle><color>59008080</color></PolyStyle><LabelStyle><scale>0</scale></LabelStyle></Style>
<Style id="z18"><LineStyle><color>ffeed322</color><width>2.5</width></LineStyle><PolyStyle><color>59b1d8ff</color></PolyStyle><LabelStyle><scale>0</scale></LabelStyle></Style>
<Folder><name>Distrito</name><Placemark><name>Ciudad Delgado</name><description>Área aproximada: 34.00 km²</description><styleUrl>#distrito</styleUrl><Polygon><tessellate>1</tessellate><outerBoundaryIs><LinearRing><coordinates>-89.191736,13.747868,0 -89.191735,13.747869,0 -89.191680,13.747922,0 -89.191677,13.747926,0 -89.191674,13.747930,0 -89.191671,13.747934,0 -89.191669,13.747939,0 -89.191667,13.747943,0 -89.191666,13.747948,0 -89.191665,13.747953,0 -89.191665,13.747958,0 -89.191665,13.749459,0 -89.191665,13.749460,0 -89.191664,13.749461,0 -89.191609,13.749515,0 -89.191606,13.749519,0 -89.191603,13.749523,0 -89.191600,13.749527,0 -89.191598,13.749532,0 -89.191596,13.749536,0 -89.191595,13.749541,0 -89.191594,13.749546,0 -89.191594,13.749551,0 -89.191594,13.750013,0 -89.191594,13.750014,0 -89.191593,13.750015,0 -89.191387,13.750348,0 -89.191385,13.750352,0 -89.191383,13.750356,0 -89.191382,13.750361,0 -89.191381,13.750365,0 -89.191380,13.750370,0 -89.191380,13.750374,0 -89.191380,13.750567,0 -89.191380,13.750568,0 -89.191379,13.750569,0 -89.191324,13.750622,0 -89.191321,13.750626,0 -89.191318,13.750630,0 -89.191315,13.750634,0 -89.191313,13.750639,0 -89.191311,13.750643,0 -89.191310,13.750648,0 -89.191309,13.750653,0 -89.191309,13.750658,0 -89.191309,13.750755,0 -89.191309,13.750760,0 -89.191310,13.750765,0 -89.191311,13.750770,0 -89.191313,13.750774,0 -89.191315,13.750779,0 -89.191318,13.750783,0 -89.191321,13.750787,0 -89.191324,13.750791,0 -89.191379,13.750844,0 -89.191380,13.750845,0 -89.191380,13.750846,0 -89.191380,13.751537,0 -89.191380,13.751538,0 -89.191379,13.751539,0 -89.190599,13.752642,0 -89.190595,13.752648,0 -89.190389,13.753050,0 -89.190388,13.753055,0 -89.190386,13.753059,0 -89.190385,13.753064,0 -89.190384,13.753068,0 -89.190384,13.753073,0 -89.190384,13.753198,0 -89.190384,13.753199,0 -89.190383,13.753200,0 -89.190251,13.753394,0 -89.190248,13.753399,0 -89.190246,13.753403,0 -89.190244,13.753408,0 -89.190243,13.753413,0 -89.190242,13.753417,0 -89.190242,13.753422,0 -89.190242,13.753545,0 -89.190242,13.753546,0 -89.190241,13.753547,0 -89.190108,13.753740,0 -89.190105,13.753744,0 -89.190103,13.753749,0 -89.190101,13.753754,0 -89.190100,13.753759,0 -89.190099,13.753764,0 -89.190099,13.753769,0 -89.190099,13.753891,0 -89.190099,13.753892,0 -89.190098,13.753893,0 -89.189966,13.754086,0 -89.189963,13.754090,0 -89.189961,13.754095,0 -89.189959,13.754100,0 -89.189958,13.754105,0 -89.189957,13.754109,0 -89.189957,13.754115,0 -89.189957,13.754237,0 -89.189957,13.754238,0 -89.189956,13.754239,0 -89.189823,13.754433,0 -89.189820,13.754437,0 -89.189818,13.754442,0 -89.189816,13.754447,0 -89.189815,13.754452,0 -89.189814,13.754457,0 -89.189814,13.754462,0 -89.189814,13.754583,0 -89.189814,13.754584,0 -89.189813,13.754585,0 -89.189608,13.754918,0 -89.189606,13.754922,0 -89.189604,13.754926,0 -89.189603,13.754931,0 -89.189602,13.754935,0 -89.189601,13.754940,0 -89.189601,13.754944,0 -89.189601,13.755068,0 -89.189601,13.755069,0 -89.189600,13.755070,0 -89.189322,13.755408,0 -89.189319,13.755412,0 -89.189317,13.755415,0 -89.189315,13.755419,0 -89.189313,13.755424,0 -89.189245,13.755622,0 -89.189245,13.755623,0 -89.189244,13.755624,0 -89.189068,13.755795,0 -89.189067,13.755796,0 -89.189066,13.755796,0 -89.189061,13.755798,0 -89.189057,13.755800,0 -89.189053,13.755803,0 -89.189049,13.755806,0 -89.189045,13.755809,0 -89.189042,13.755813,0 -89.189039,13.755817,0 -89.189037,13.755821,0 -89.189035,13.755825,0 -89.189033,13.755830,0 -89.189032,13.755834,0 -89.189031,13.755839,0 -89.189031,13.755844,0 -89.189031,13.755968,0 -89.189031,13.755969,0 -89.189030,13.755970,0 -89.188680,13.756380,0 -89.188676,13.756384,0 -89.188673,13.756389,0 -89.188463,13.756799,0 -89.188462,13.756800,0 -89.188461,13.756801,0 -89.188192,13.757062,0 -89.188189,13.757066,0 -89.188186,13.757070,0 -89.188183,13.757074,0 -89.188181,13.757079,0 -89.188179,13.757083,0 -89.188178,13.757088,0 -89.188177,13.757093,0 -89.188177,13.757098,0 -89.188177,13.757145,0 -89.188177,13.757146,0 -89.188176,13.757147,0 -89.187968,13.757351,0 -89.187964,13.757354,0 -89.187961,13.757358,0 -89.187538,13.757976,0 -89.187537,13.757977,0 -89.187536,13.757978,0 -89.187261,13.758246,0 -89.187257,13.758249,0 -89.187255,13.758253,0 -89.187252,13.758257,0 -89.187250,13.758261,0 -89.187248,13.758265,0 -89.187181,13.758461,0 -89.187181,13.758462,0 -89.187180,13.758463,0 -89.187047,13.758592,0 -89.187043,13.758595,0 -89.187041,13.758599,0 -89.187038,13.758603,0 -89.187036,13.758607,0 -89.187034,13.758611,0 -89.186967,13.758807,0 -89.186967,13.758808,0 -89.186966,13.758809,0 -89.186834,13.758938,0 -89.186830,13.758941,0 -89.186828,13.758945,0 -89.186825,13.758949,0 -89.186823,13.758953,0 -89.186821,13.758957,0 -89.186754,13.759153,0 -89.186754,13.759154,0 -89.186753,13.759155,0 -89.186434,13.759603,0 -89.186433,13.759604,0 -89.186432,13.759604,0 -89.186414,13.759604,0 -89.186409,13.759604,0 -89.186404,13.759605,0 -89.186400,13.759606,0 -89.186395,13.759608,0 -89.186390,13.759610,0 -89.186386,13.759613,0 -89.186382,13.759615,0 -89.186379,13.759619,0 -89.186375,13.759622,0 -89.186372,13.759626,0 -89.186370,13.759631,0 -89.186368,13.759635,0 -89.186366,13.759640,0 -89.186365,13.759645,0 -89.186364,13.759650,0 -89.186364,13.759654,0 -89.186364,13.759659,0 -89.186365,13.759664,0 -89.186366,13.759669,0 -89.186368,13.759674,0 -89.186370,13.759678,0 -89.186373,13.759682,0 -89.186376,13.759686,0 -89.186379,13.759690,0 -89.186397,13.759707,0 -89.186398,13.759708,0 -89.186397,13.759709,0 -89.185836,13.760596,0 -89.185833,13.760600,0 -89.185831,13.760604,0 -89.185830,13.760609,0 -89.185829,13.760613,0 -89.185828,13.760618,0 -89.185828,13.760623,0 -89.185828,13.761210,0 -89.185828,13.761215,0 -89.185829,13.761220,0 -89.185830,13.761225,0 -89.185832,13.761229,0 -89.185834,13.761234,0 -89.185837,13.761238,0 -89.185840,13.761242,0 -89.185843,13.761246,0 -89.186183,13.761576,0 -89.186184,13.761577,0 -89.186184,13.761578,0 -89.186327,13.761923,0 -89.186327,13.761924,0 -89.186326,13.761925,0 -89.186150,13.762096,0 -89.186149,13.762097,0 -89.186148,13.762097,0 -89.185723,13.762166,0 -89.185722,13.762166,0 -89.185721,13.762165,0 -89.185665,13.762111,0 -89.185661,13.762108,0 -89.185657,13.762105,0 -89.185653,13.762103,0 -89.185649,13.762101,0 -89.185644,13.762099,0 -89.185639,13.762098,0 -89.185635,13.762097,0 -89.185630,13.762097,0 -89.185509,13.762097,0 -89.185508,13.762097,0 -89.185507,13.762096,0 -89.185381,13.761972,0 -89.185377,13.761969,0 -89.185373,13.761966,0 -89.185369,13.761964,0 -89.185364,13.761962,0 -89.185360,13.761960,0 -89.185355,13.761959,0 -89.185350,13.761958,0 -89.185346,13.761958,0 -89.185011,13.761958,0 -89.185010,13.761958,0 -89.185009,13.761957,0 -89.184811,13.761765,0 -89.184807,13.761762,0 -89.184803,13.761759,0 -89.184799,13.761757,0 -89.184795,13.761755,0 -89.184790,13.761753,0 -89.184785,13.761752,0 -89.184781,13.761751,0 -89.184776,13.761751,0 -89.184167,13.761751,0 -89.184163,13.761751,0 -89.184158,13.761752,0 -89.184154,13.761753,0 -89.184150,13.761754,0 -89.184146,13.761756,0 -89.183872,13.761889,0 -89.183871,13.761889,0 -89.183870,13.761889,0 -89.183672,13.761889,0 -89.183667,13.761889,0 -89.183662,13.761890,0 -89.183658,13.761891,0 -89.183653,13.761893,0 -89.183649,13.761895,0 -89.183645,13.761897,0 -89.183231,13.762165,0 -89.183230,13.762166,0 -89.183229,13.762166,0 -89.183089,13.762166,0 -89.183088,13.762166,0 -89.183087,13.762165,0 -89.183034,13.762113,0 -89.183030,13.762110,0 -89.183026,13.762107,0 -89.183022,13.762105,0 -89.183018,13.762103,0 -89.183013,13.762101,0 -89.183008,13.762100,0 -89.183003,13.762099,0 -89.182999,13.762099,0 -89.182994,13.762100,0 -89.182389,13.762165,0 -89.182384,13.762165,0 -89.182379,13.762167,0 -89.182374,13.762168,0 -89.182370,13.762171,0 -89.182366,13.762173,0 -89.182148,13.762324,0 -89.182145,13.762327,0 -89.182141,13.762330,0 -89.182138,13.762334,0 -89.182135,13.762338,0 -89.182133,13.762342,0 -89.182131,13.762346,0 -89.182129,13.762351,0 -89.182128,13.762356,0 -89.182127,13.762360,0 -89.182127,13.762365,0 -89.182127,13.762477,0 -89.182127,13.762478,0 -89.182126,13.762479,0 -89.181950,13.762650,0 -89.181949,13.762651,0 -89.181948,13.762650,0 -89.181893,13.762595,0 -89.181889,13.762592,0 -89.181885,13.762589,0 -89.181881,13.762587,0 -89.181876,13.762585,0 -89.181872,13.762583,0 -89.181867,13.762582,0 -89.181862,13.762581,0 -89.181857,13.762581,0 -89.181531,13.762581,0 -89.181527,13.762581,0 -89.181522,13.762582,0 -89.181518,13.762583,0 -89.181513,13.762584,0 -89.181167,13.762719,0 -89.181166,13.762720,0 -89.181165,13.762720,0 -89.180674,13.762788,0 -89.180668,13.762789,0 -89.180663,13.762791,0 -89.179957,13.763066,0 -89.179956,13.763066,0 -89.179955,13.763066,0 -89.179758,13.763066,0 -89.179753,13.763066,0 -89.179748,13.763067,0 -89.179744,13.763068,0 -89.179739,13.763070,0 -89.179735,13.763072,0 -89.179731,13.763074,0 -89.179530,13.763204,0 -89.179529,13.763205,0 -89.179528,13.763205,0 -89.179335,13.763205,0 -89.179330,13.763205,0 -89.179326,13.763206,0 -89.179321,13.763207,0 -89.179316,13.763209,0 -89.179312,13.763211,0 -89.179308,13.763213,0 -89.179304,13.763216,0 -89.179300,13.763219,0 -89.179245,13.763273,0 -89.179244,13.763274,0 -89.179243,13.763274,0 -89.178971,13.763274,0 -89.178967,13.763274,0 -89.178962,13.763275,0 -89.178958,13.763276,0 -89.178954,13.763277,0 -89.178950,13.763279,0 -89.178676,13.763412,0 -89.178675,13.763412,0 -89.178674,13.763412,0 -89.178476,13.763412,0 -89.178471,13.763412,0 -89.178466,13.763413,0 -89.178462,13.763414,0 -89.178457,13.763416,0 -89.178453,13.763418,0 -89.178449,13.763420,0 -89.178249,13.763550,0 -89.178248,13.763551,0 -89.178247,13.763551,0 -89.177755,13.763687,0 -89.177751,13.763689,0 -89.177747,13.763690,0 -89.177743,13.763692,0 -89.177395,13.763896,0 -89.177394,13.763897,0 -89.177393,13.763897,0 -89.177267,13.763897,0 -89.177262,13.763897,0 -89.177257,13.763898,0 -89.177252,13.763899,0 -89.177247,13.763901,0 -89.177242,13.763903,0 -89.177238,13.763906,0 -89.177012,13.764063,0 -89.177008,13.764066,0 -89.177005,13.764069,0 -89.177002,13.764073,0 -89.176999,13.764077,0 -89.176996,13.764081,0 -89.176941,13.764190,0 -89.176939,13.764195,0 -89.176937,13.764199,0 -89.176936,13.764204,0 -89.176935,13.764209,0 -89.176935,13.764214,0 -89.176936,13.764219,0 -89.176936,13.764224,0 -89.176938,13.764229,0 -89.177002,13.764415,0 -89.177002,13.764416,0 -89.177001,13.764417,0 -89.176869,13.764611,0 -89.176866,13.764616,0 -89.176864,13.764620,0 -89.176862,13.764625,0 -89.176861,13.764630,0 -89.176860,13.764634,0 -89.176860,13.764639,0 -89.176860,13.764747,0 -89.176860,13.764752,0 -89.176861,13.764756,0 -89.176862,13.764761,0 -89.176864,13.764766,0 -89.176866,13.764770,0 -89.176869,13.764775,0 -89.177001,13.764969,0 -89.177002,13.764970,0 -89.177002,13.764971,0 -89.177002,13.765246,0 -89.177002,13.765247,0 -89.177001,13.765248,0 -89.176896,13.765350,0 -89.176895,13.765351,0 -89.176894,13.765351,0 -89.176185,13.765351,0 -89.176184,13.765351,0 -89.176183,13.765350,0 -89.176077,13.765247,0 -89.176007,13.765179,0 -89.176006,13.765178,0 -89.176006,13.765177,0 -89.176006,13.764783,0 -89.176006,13.764778,0 -89.176005,13.764773,0 -89.176004,13.764768,0 -89.176002,13.764764,0 -89.176000,13.764759,0 -89.175997,13.764755,0 -89.175994,13.764751,0 -89.175991,13.764747,0 -89.175935,13.764694,0 -89.175934,13.764693,0 -89.175934,13.764692,0 -89.175934,13.764504,0 -89.175934,13.764499,0 -89.175933,13.764494,0 -89.175932,13.764489,0 -89.175930,13.764485,0 -89.175928,13.764480,0 -89.175926,13.764476,0 -89.175923,13.764472,0 -89.175700,13.764193,0 -89.175697,13.764189,0 -89.175693,13.764186,0 -89.175689,13.764183,0 -89.175685,13.764180,0 -89.175680,13.764178,0 -89.175676,13.764176,0 -89.175671,13.764175,0 -89.175666,13.764174,0 -89.175661,13.764174,0 -89.175421,13.764174,0 -89.175416,13.764174,0 -89.175412,13.764175,0 -89.175407,13.764176,0 -89.175402,13.764178,0 -89.175398,13.764180,0 -89.175394,13.764182,0 -89.175390,13.764185,0 -89.175386,13.764188,0 -89.175330,13.764242,0 -89.175329,13.764243,0 -89.175328,13.764242,0 -89.175273,13.764188,0 -89.175269,13.764185,0 -89.175265,13.764182,0 -89.175261,13.764180,0 -89.175257,13.764178,0 -89.175252,13.764176,0 -89.175247,13.764175,0 -89.175243,13.764174,0 -89.175238,13.764174,0 -89.174761,13.764174,0 -89.174760,13.764174,0 -89.174759,13.764173,0 -89.174714,13.764129,0 -89.174710,13.764126,0 -89.174706,13.764123,0 -89.174702,13.764121,0 -89.174697,13.764119,0 -89.174692,13.764117,0 -89.174687,13.764116,0 -89.174682,13.764115,0 -89.174677,13.764115,0 -89.174672,13.764116,0 -89.174667,13.764117,0 -89.174662,13.764118,0 -89.174658,13.764120,0 -89.174547,13.764174,0 -89.174546,13.764174,0 -89.174545,13.764174,0 -89.174068,13.764174,0 -89.174063,13.764174,0 -89.174059,13.764175,0 -89.174054,13.764176,0 -89.174049,13.764178,0 -89.174045,13.764180,0 -89.174041,13.764182,0 -89.174037,13.764185,0 -89.174033,13.764188,0 -89.173978,13.764242,0 -89.173977,13.764243,0 -89.173976,13.764243,0 -89.173480,13.764243,0 -89.173479,13.764243,0 -89.173478,13.764242,0 -89.173423,13.764188,0 -89.173419,13.764185,0 -89.173415,13.764182,0 -89.173411,13.764180,0 -89.173407,13.764178,0 -89.173402,13.764176,0 -89.173397,13.764175,0 -89.173393,13.764174,0 -89.173388,13.764174,0 -89.172412,13.764174,0 -89.172411,13.764174,0 -89.172410,13.764173,0 -89.172355,13.764119,0 -89.172351,13.764116,0 -89.172347,13.764113,0 -89.172343,13.764111,0 -89.172339,13.764109,0 -89.172334,13.764107,0 -89.172329,13.764106,0 -89.172325,13.764105,0 -89.172320,13.764105,0 -89.171648,13.764105,0 -89.171643,13.764105,0 -89.171639,13.764106,0 -89.171634,13.764107,0 -89.171629,13.764109,0 -89.171625,13.764111,0 -89.171621,13.764113,0 -89.171617,13.764116,0 -89.171613,13.764119,0 -89.171558,13.764173,0 -89.171557,13.764174,0 -89.171556,13.764174,0 -89.171288,13.764174,0 -89.171283,13.764174,0 -89.171278,13.764175,0 -89.171273,13.764176,0 -89.171268,13.764178,0 -89.171263,13.764180,0 -89.171259,13.764183,0 -89.171044,13.764332,0 -89.171041,13.764335,0 -89.171037,13.764338,0 -89.171034,13.764342,0 -89.171031,13.764346,0 -89.171029,13.764350,0 -89.171027,13.764354,0 -89.171025,13.764359,0 -89.171024,13.764364,0 -89.171023,13.764368,0 -89.171023,13.764373,0 -89.171023,13.766334,0 -89.171023,13.766339,0 -89.171024,13.766344,0 -89.171025,13.766349,0 -89.171027,13.766353,0 -89.171029,13.766358,0 -89.171032,13.766362,0 -89.171035,13.766366,0 -89.171038,13.766370,0 -89.171186,13.766514,0 -89.171190,13.766517,0 -89.171194,13.766520,0 -89.171198,13.766522,0 -89.171202,13.766524,0 -89.171207,13.766526,0 -89.171212,13.766527,0 -89.171216,13.766528,0 -89.171221,13.766528,0 -89.171556,13.766528,0 -89.171557,13.766528,0 -89.171558,13.766529,0 -89.171663,13.766631,0 -89.171664,13.766632,0 -89.171664,13.766633,0 -89.171664,13.766977,0 -89.171664,13.766978,0 -89.171663,13.766979,0 -89.171344,13.767496,0 -89.171343,13.767497,0 -89.171342,13.767497,0 -89.170936,13.767497,0 -89.170932,13.767497,0 -89.170927,13.767498,0 -89.170922,13.767499,0 -89.170918,13.767501,0 -89.170913,13.767503,0 -89.170909,13.767505,0 -89.170905,13.767508,0 -89.170901,13.767511,0 -89.170755,13.767654,0 -89.170752,13.767658,0 -89.170749,13.767662,0 -89.170746,13.767666,0 -89.170744,13.767671,0 -89.170743,13.767675,0 -89.170741,13.767680,0 -89.170741,13.767685,0 -89.170740,13.767690,0 -89.170741,13.767695,0 -89.170809,13.768293,0 -89.170809,13.768294,0 -89.170808,13.768295,0 -89.170704,13.768397,0 -89.170703,13.768398,0 -89.170702,13.768398,0 -89.170292,13.768398,0 -89.170287,13.768398,0 -89.170282,13.768399,0 -89.170277,13.768400,0 -89.170272,13.768402,0 -89.170267,13.768405,0 -89.170263,13.768408,0 -89.169993,13.768604,0 -89.169989,13.768607,0 -89.169985,13.768610,0 -89.169982,13.768614,0 -89.169979,13.768618,0 -89.169977,13.768623,0 -89.169975,13.768627,0 -89.169974,13.768632,0 -89.169973,13.768637,0 -89.169972,13.768642,0 -89.169972,13.768647,0 -89.169973,13.768651,0 -89.169974,13.768656,0 -89.169975,13.768661,0 -89.169977,13.768666,0 -89.169979,13.768670,0 -89.169982,13.768674,0 -89.169985,13.768678,0 -89.169989,13.768681,0 -89.169993,13.768685,0 -89.170025,13.768708,0 -89.170026,13.768709,0 -89.170026,13.768710,0 -89.170026,13.768827,0 -89.170026,13.768832,0 -89.170027,13.768837,0 -89.170028,13.768842,0 -89.170030,13.768846,0 -89.170032,13.768851,0 -89.170035,13.768855,0 -89.170038,13.768859,0 -89.170041,13.768863,0 -89.170168,13.768985,0 -89.170169,13.768986,0 -89.170170,13.768987,0 -89.170381,13.769401,0 -89.170382,13.769402,0 -89.170381,13.769403,0 -89.170326,13.769456,0 -89.170323,13.769460,0 -89.170320,13.769464,0 -89.170317,13.769468,0 -89.170315,13.769473,0 -89.170313,13.769477,0 -89.170312,13.769482,0 -89.170311,13.769487,0 -89.170311,13.769492,0 -89.170311,13.769608,0 -89.170311,13.769609,0 -89.170310,13.769610,0 -89.169832,13.770076,0 -89.169829,13.770079,0 -89.169826,13.770083,0 -89.169823,13.770087,0 -89.169821,13.770091,0 -89.169819,13.770096,0 -89.169818,13.770101,0 -89.169817,13.770105,0 -89.169817,13.770110,0 -89.169817,13.770115,0 -89.169817,13.770120,0 -89.169881,13.770493,0 -89.169882,13.770498,0 -89.169884,13.770503,0 -89.169886,13.770508,0 -89.169889,13.770512,0 -89.169892,13.770516,0 -89.169896,13.770520,0 -89.170125,13.770744,0 -89.170128,13.770747,0 -89.170132,13.770750,0 -89.170136,13.770752,0 -89.170140,13.770754,0 -89.170144,13.770756,0 -89.170346,13.770821,0 -89.170347,13.770821,0 -89.170348,13.770822,0 -89.170453,13.770924,0 -89.170454,13.770925,0 -89.170454,13.770926,0 -89.170382,13.771893,0 -89.170382,13.771894,0 -89.170382,13.771895,0 -89.170241,13.772239,0 -89.170240,13.772240,0 -89.170239,13.772241,0 -89.169894,13.772712,0 -89.169891,13.772716,0 -89.169888,13.772721,0 -89.169886,13.772726,0 -89.169885,13.772731,0 -89.169884,13.772736,0 -89.169884,13.772741,0 -89.169884,13.772863,0 -89.169884,13.772864,0 -89.169883,13.772865,0 -89.169828,13.772918,0 -89.169825,13.772922,0 -89.169822,13.772926,0 -89.169819,13.772930,0 -89.169817,13.772935,0 -89.169815,13.772939,0 -89.169814,13.772944,0 -89.169813,13.772949,0 -89.169813,13.772954,0 -89.169813,13.773198,0 -89.169813,13.773203,0 -89.169814,13.773207,0 -89.169815,13.773212,0 -89.169817,13.773216,0 -89.169819,13.773221,0 -89.169949,13.773476,0 -89.169952,13.773480,0 -89.169955,13.773484,0 -89.169958,13.773488,0 -89.169961,13.773491,0 -89.169965,13.773494,0 -89.170195,13.773654,0 -89.170198,13.773656,0 -89.170202,13.773658,0 -89.170207,13.773660,0 -89.170211,13.773661,0 -89.170215,13.773662,0 -89.170631,13.773729,0 -89.170632,13.773729,0 -89.170633,13.773730,0 -89.170688,13.773784,0 -89.170692,13.773787,0 -89.170696,13.773790,0 -89.170700,13.773792,0 -89.170704,13.773794,0 -89.170709,13.773796,0 -89.170714,13.773797,0 -89.170718,13.773798,0 -89.170723,13.773798,0 -89.170915,13.773798,0 -89.170916,13.773798,0 -89.170917,13.773798,0 -89.171408,13.774003,0 -89.171412,13.774005,0 -89.171416,13.774006,0 -89.171420,13.774007,0 -89.171912,13.774075,0 -89.171913,13.774075,0 -89.171914,13.774076,0 -89.172232,13.774317,0 -89.172233,13.774318,0 -89.172233,13.774319,0 -89.172302,13.774653,0 -89.172303,13.774658,0 -89.172305,13.774664,0 -89.172308,13.774668,0 -89.172310,13.774673,0 -89.172659,13.775148,0 -89.172660,13.775149,0 -89.172660,13.775150,0 -89.172870,13.775759,0 -89.172872,13.775764,0 -89.172874,13.775769,0 -89.172877,13.775773,0 -89.172880,13.775777,0 -89.172884,13.775781,0 -89.173584,13.776394,0 -89.173585,13.776395,0 -89.173585,13.776396,0 -89.173585,13.776517,0 -89.173585,13.776522,0 -89.173586,13.776527,0 -89.173587,13.776532,0 -89.173589,13.776537,0 -89.173591,13.776542,0 -89.173594,13.776546,0 -89.173727,13.776740,0 -89.173728,13.776741,0 -89.173728,13.776742,0 -89.173867,13.777217,0 -89.173869,13.777221,0 -89.173871,13.777226,0 -89.173873,13.777230,0 -89.173876,13.777234,0 -89.174581,13.778125,0 -89.174582,13.778126,0 -89.174582,13.778127,0 -89.174722,13.778671,0 -89.174723,13.778676,0 -89.174725,13.778680,0 -89.174727,13.778684,0 -89.174729,13.778687,0 -89.175150,13.779302,0 -89.175151,13.779303,0 -89.175151,13.779304,0 -89.175364,13.780404,0 -89.175365,13.780409,0 -89.175366,13.780413,0 -89.175368,13.780417,0 -89.175578,13.780825,0 -89.175579,13.780826,0 -89.175579,13.780827,0 -89.175579,13.781171,0 -89.175579,13.781172,0 -89.175578,13.781173,0 -89.175473,13.781275,0 -89.175472,13.781276,0 -89.175471,13.781276,0 -89.174845,13.781344,0 -89.174841,13.781345,0 -89.174836,13.781346,0 -89.174832,13.781348,0 -89.174828,13.781350,0 -89.174824,13.781352,0 -89.174820,13.781355,0 -89.174476,13.781622,0 -89.174475,13.781623,0 -89.174474,13.781623,0 -89.174263,13.781623,0 -89.174262,13.781623,0 -89.174261,13.781622,0 -89.173990,13.781425,0 -89.173986,13.781422,0 -89.173981,13.781419,0 -89.173976,13.781417,0 -89.173971,13.781416,0 -89.173966,13.781415,0 -89.173961,13.781415,0 -89.173704,13.781415,0 -89.173699,13.781415,0 -89.173695,13.781416,0 -89.173690,13.781417,0 -89.173686,13.781418,0 -89.173682,13.781420,0 -89.173557,13.781480,0 -89.173553,13.781483,0 -89.173548,13.781486,0 -89.173544,13.781490,0 -89.173102,13.781919,0 -89.173099,13.781923,0 -89.173096,13.781927,0 -89.173093,13.781931,0 -89.173091,13.781936,0 -89.173089,13.781940,0 -89.173088,13.781945,0 -89.173087,13.781950,0 -89.173087,13.781955,0 -89.173087,13.782002,0 -89.173087,13.782003,0 -89.173086,13.782004,0 -89.172811,13.782272,0 -89.172808,13.782275,0 -89.172805,13.782279,0 -89.172803,13.782283,0 -89.172801,13.782287,0 -89.172799,13.782291,0 -89.172731,13.782487,0 -89.172731,13.782488,0 -89.172730,13.782489,0 -89.172554,13.782660,0 -89.172553,13.782661,0 -89.172552,13.782661,0 -89.172550,13.782662,0 -89.172545,13.782664,0 -89.172541,13.782666,0 -89.172537,13.782669,0 -89.172533,13.782672,0 -89.172530,13.782675,0 -89.172526,13.782679,0 -89.172524,13.782683,0 -89.172521,13.782687,0 -89.172519,13.782691,0 -89.172518,13.782696,0 -89.172518,13.782696,0 -89.172517,13.782697,0 -89.172412,13.782799,0 -89.172411,13.782800,0 -89.172410,13.782800,0 -89.171786,13.782800,0 -89.171781,13.782800,0 -89.171776,13.782801,0 -89.171771,13.782802,0 -89.171766,13.782804,0 -89.171761,13.782806,0 -89.171757,13.782809,0 -89.171539,13.782960,0 -89.171536,13.782963,0 -89.171532,13.782966,0 -89.171529,13.782970,0 -89.171526,13.782973,0 -89.171524,13.782977,0 -89.171522,13.782982,0 -89.171520,13.782986,0 -89.171519,13.782990,0 -89.171518,13.782995,0 -89.171450,13.783526,0 -89.171450,13.783527,0 -89.171449,13.783528,0 -89.171394,13.783581,0 -89.171391,13.783585,0 -89.171388,13.783589,0 -89.171385,13.783593,0 -89.171383,13.783598,0 -89.171381,13.783602,0 -89.171380,13.783607,0 -89.171379,13.783612,0 -89.171379,13.783617,0 -89.171379,13.785049,0 -89.171379,13.785050,0 -89.171378,13.785051,0 -89.171273,13.785153,0 -89.171272,13.785154,0 -89.171271,13.785154,0 -89.171069,13.785154,0 -89.171064,13.785154,0 -89.171059,13.785155,0 -89.171054,13.785156,0 -89.171050,13.785158,0 -89.170826,13.785251,0 -89.170821,13.785253,0 -89.170817,13.785256,0 -89.170813,13.785259,0 -89.170809,13.785262,0 -89.170806,13.785266,0 -89.170803,13.785270,0 -89.170801,13.785274,0 -89.170597,13.785672,0 -89.170596,13.785673,0 -89.170595,13.785674,0 -89.169896,13.786490,0 -89.169893,13.786494,0 -89.169890,13.786498,0 -89.169888,13.786503,0 -89.169886,13.786508,0 -89.169885,13.786512,0 -89.169884,13.786517,0 -89.169884,13.786522,0 -89.169884,13.786766,0 -89.169884,13.786771,0 -89.169885,13.786775,0 -89.169886,13.786780,0 -89.169888,13.786785,0 -89.169890,13.786789,0 -89.169893,13.786794,0 -89.170025,13.786988,0 -89.170026,13.786989,0 -89.170026,13.786990,0 -89.170026,13.787265,0 -89.170026,13.787266,0 -89.170025,13.787267,0 -89.169970,13.787320,0 -89.169967,13.787324,0 -89.169964,13.787328,0 -89.169961,13.787332,0 -89.169959,13.787337,0 -89.169957,13.787341,0 -89.169956,13.787346,0 -89.169955,13.787351,0 -89.169955,13.787356,0 -89.169955,13.788165,0 -89.169955,13.788166,0 -89.169954,13.788167,0 -89.169899,13.788220,0 -89.169896,13.788224,0 -89.169893,13.788228,0 -89.169890,13.788232,0 -89.169888,13.788237,0 -89.169886,13.788241,0 -89.169885,13.788246,0 -89.169884,13.788251,0 -89.169884,13.788256,0 -89.169884,13.789065,0 -89.169884,13.789066,0 -89.169883,13.789067,0 -89.169814,13.789203,0 -89.169813,13.789204,0 -89.169812,13.789205,0 -89.167501,13.791246,0 -89.167500,13.791247,0 -89.167499,13.791247,0 -89.167274,13.791356,0 -89.167270,13.791358,0 -89.167266,13.791361,0 -89.167263,13.791364,0 -89.167259,13.791368,0 -89.167256,13.791371,0 -89.167254,13.791375,0 -89.167251,13.791379,0 -89.167249,13.791384,0 -89.167248,13.791388,0 -89.167247,13.791393,0 -89.167246,13.791398,0 -89.167246,13.791402,0 -89.167247,13.791407,0 -89.167247,13.791412,0 -89.167249,13.791416,0 -89.167250,13.791419,0 -89.167250,13.791420,0 -89.167249,13.791421,0 -89.165081,13.793323,0 -89.165080,13.793324,0 -89.165079,13.793324,0 -89.165028,13.793324,0 -89.165024,13.793324,0 -89.165019,13.793325,0 -89.165014,13.793326,0 -89.165010,13.793328,0 -89.165005,13.793330,0 -89.165001,13.793332,0 -89.164997,13.793335,0 -89.164993,13.793338,0 -89.164796,13.793531,0 -89.164795,13.793532,0 -89.164794,13.793532,0 -89.164592,13.793597,0 -89.164588,13.793599,0 -89.164584,13.793601,0 -89.164580,13.793603,0 -89.164576,13.793606,0 -89.164573,13.793609,0 -89.164412,13.793766,0 -89.164408,13.793769,0 -89.164406,13.793773,0 -89.164403,13.793777,0 -89.164401,13.793781,0 -89.164399,13.793785,0 -89.164332,13.793981,0 -89.164332,13.793982,0 -89.164331,13.793983,0 -89.164199,13.794112,0 -89.164195,13.794115,0 -89.164193,13.794119,0 -89.164190,13.794123,0 -89.164188,13.794127,0 -89.164186,13.794131,0 -89.164119,13.794327,0 -89.164119,13.794328,0 -89.164118,13.794329,0 -89.163843,13.794731,0 -89.163840,13.794735,0 -89.163838,13.794740,0 -89.163836,13.794745,0 -89.163835,13.794750,0 -89.163834,13.794754,0 -89.163834,13.794759,0 -89.163834,13.795020,0 -89.163834,13.795021,0 -89.163833,13.795022,0 -89.163778,13.795075,0 -89.163775,13.795079,0 -89.163772,13.795083,0 -89.163769,13.795087,0 -89.163767,13.795092,0 -89.163765,13.795096,0 -89.163764,13.795101,0 -89.163763,13.795106,0 -89.163763,13.795111,0 -89.163763,13.795227,0 -89.163763,13.795228,0 -89.163762,13.795229,0 -89.163479,13.795781,0 -89.163477,13.795783,0 -89.163052,13.796404,0 -89.163051,13.796405,0 -89.163050,13.796406,0 -89.162803,13.796647,0 -89.162802,13.796648,0 -89.162801,13.796648,0 -89.162751,13.796648,0 -89.162746,13.796648,0 -89.162742,13.796649,0 -89.162737,13.796650,0 -89.162732,13.796652,0 -89.162728,13.796654,0 -89.162724,13.796656,0 -89.162720,13.796659,0 -89.162716,13.796662,0 -89.162376,13.796993,0 -89.162375,13.796994,0 -89.162374,13.796994,0 -89.162323,13.796994,0 -89.162318,13.796994,0 -89.162314,13.796995,0 -89.162309,13.796996,0 -89.162304,13.796998,0 -89.162300,13.797000,0 -89.162296,13.797002,0 -89.162292,13.797005,0 -89.162288,13.797008,0 -89.161877,13.797408,0 -89.161876,13.797409,0 -89.161875,13.797409,0 -89.161825,13.797409,0 -89.161821,13.797409,0 -89.161816,13.797410,0 -89.161811,13.797411,0 -89.161806,13.797413,0 -89.161802,13.797415,0 -89.161798,13.797417,0 -89.161794,13.797420,0 -89.161790,13.797423,0 -89.161275,13.797926,0 -89.161271,13.797929,0 -89.161268,13.797933,0 -89.161138,13.798123,0 -89.161135,13.798127,0 -89.161133,13.798132,0 -89.161131,13.798137,0 -89.161130,13.798142,0 -89.161129,13.798146,0 -89.161129,13.798152,0 -89.161129,13.798462,0 -89.161129,13.798467,0 -89.161130,13.798472,0 -89.161131,13.798477,0 -89.161133,13.798481,0 -89.161135,13.798486,0 -89.161138,13.798490,0 -89.161141,13.798494,0 -89.161144,13.798498,0 -89.161199,13.798551,0 -89.161200,13.798552,0 -89.161200,13.798553,0 -89.161200,13.798689,0 -89.161200,13.798690,0 -89.161199,13.798691,0 -89.161094,13.798793,0 -89.161093,13.798794,0 -89.161092,13.798795,0 -89.160810,13.798932,0 -89.160809,13.798933,0 -89.160808,13.798933,0 -89.160681,13.798933,0 -89.160676,13.798933,0 -89.160671,13.798934,0 -89.160667,13.798935,0 -89.160662,13.798937,0 -89.160658,13.798939,0 -89.160654,13.798941,0 -89.160454,13.799070,0 -89.160453,13.799071,0 -89.160452,13.799071,0 -89.160240,13.799071,0 -89.160239,13.799071,0 -89.160238,13.799070,0 -89.159034,13.798037,0 -89.159031,13.798035,0 -89.159027,13.798032,0 -89.159023,13.798030,0 -89.158035,13.797549,0 -89.158032,13.797547,0 -89.157325,13.797066,0 -89.157321,13.797063,0 -89.157317,13.797061,0 -89.156689,13.796790,0 -89.156685,13.796788,0 -89.156680,13.796787,0 -89.156675,13.796786,0 -89.156670,13.796786,0 -89.155409,13.796786,0 -89.155404,13.796786,0 -89.155399,13.796787,0 -89.155394,13.796788,0 -89.155390,13.796790,0 -89.154902,13.796994,0 -89.154901,13.796994,0 -89.154900,13.796994,0 -89.153976,13.796925,0 -89.153975,13.796925,0 -89.153974,13.796924,0 -89.153919,13.796869,0 -89.153915,13.796866,0 -89.153911,13.796863,0 -89.153907,13.796861,0 -89.153902,13.796859,0 -89.153898,13.796857,0 -89.153893,13.796856,0 -89.153888,13.796855,0 -89.153883,13.796855,0 -89.153122,13.796855,0 -89.153121,13.796855,0 -89.153120,13.796854,0 -89.152920,13.796725,0 -89.152916,13.796723,0 -89.152912,13.796721,0 -89.152907,13.796719,0 -89.152903,13.796718,0 -89.152898,13.796717,0 -89.152893,13.796717,0 -89.152766,13.796717,0 -89.152765,13.796717,0 -89.152764,13.796716,0 -89.152629,13.796585,0 -89.152625,13.796581,0 -89.152620,13.796578,0 -89.152616,13.796575,0 -89.152206,13.796376,0 -89.152202,13.796374,0 -89.152198,13.796373,0 -89.152193,13.796372,0 -89.152189,13.796371,0 -89.152184,13.796371,0 -89.152055,13.796371,0 -89.152054,13.796371,0 -89.152053,13.796370,0 -89.151852,13.796240,0 -89.151848,13.796238,0 -89.151844,13.796236,0 -89.151839,13.796234,0 -89.151835,13.796233,0 -89.151830,13.796232,0 -89.151825,13.796232,0 -89.151699,13.796232,0 -89.151698,13.796232,0 -89.151697,13.796232,0 -89.151414,13.796094,0 -89.151413,13.796094,0 -89.151412,13.796093,0 -89.150777,13.795544,0 -89.150774,13.795542,0 -89.150770,13.795539,0 -89.150766,13.795537,0 -89.149928,13.795129,0 -89.149924,13.795127,0 -89.149920,13.795126,0 -89.149915,13.795125,0 -89.149911,13.795124,0 -89.149906,13.795124,0 -89.148791,13.795124,0 -89.148786,13.795124,0 -89.148782,13.795125,0 -89.148777,13.795126,0 -89.148773,13.795127,0 -89.148769,13.795129,0 -89.148496,13.795263,0 -89.148495,13.795263,0 -89.148494,13.795263,0 -89.148149,13.795330,0 -89.148144,13.795331,0 -89.148139,13.795333,0 -89.148135,13.795335,0 -89.148131,13.795337,0 -89.147713,13.795608,0 -89.147712,13.795609,0 -89.147711,13.795609,0 -89.147225,13.795745,0 -89.147221,13.795746,0 -89.147216,13.795748,0 -89.147212,13.795751,0 -89.147208,13.795754,0 -89.147204,13.795757,0 -89.147143,13.795816,0 -89.147142,13.795817,0 -89.147141,13.795817,0 -89.146645,13.795817,0 -89.146644,13.795817,0 -89.146643,13.795816,0 -89.146111,13.795437,0 -89.146110,13.795436,0 -89.146110,13.795435,0 -89.146042,13.795037,0 -89.146041,13.795032,0 -89.146039,13.795027,0 -89.146037,13.795022,0 -89.146034,13.795018,0 -89.146031,13.795014,0 -89.146028,13.795010,0 -89.145969,13.794952,0 -89.145968,13.794951,0 -89.145968,13.794950,0 -89.145900,13.794620,0 -89.145899,13.794615,0 -89.145897,13.794611,0 -89.145895,13.794606,0 -89.145892,13.794602,0 -89.145889,13.794598,0 -89.145886,13.794594,0 -89.145826,13.794537,0 -89.145825,13.794536,0 -89.145825,13.794535,0 -89.145825,13.794340,0 -89.145825,13.794335,0 -89.145824,13.794331,0 -89.145823,13.794326,0 -89.145821,13.794322,0 -89.145819,13.794317,0 -89.145684,13.794052,0 -89.145683,13.794051,0 -89.145683,13.794050,0 -89.145683,13.793588,0 -89.145683,13.793583,0 -89.145682,13.793578,0 -89.145681,13.793573,0 -89.145679,13.793569,0 -89.145677,13.793564,0 -89.145674,13.793560,0 -89.145671,13.793556,0 -89.145668,13.793552,0 -89.145613,13.793498,0 -89.145612,13.793497,0 -89.145612,13.793496,0 -89.145612,13.793302,0 -89.145612,13.793297,0 -89.145611,13.793293,0 -89.145610,13.793288,0 -89.145608,13.793284,0 -89.145606,13.793279,0 -89.145470,13.793014,0 -89.145469,13.793013,0 -89.145469,13.793012,0 -89.145469,13.792826,0 -89.145469,13.792821,0 -89.145468,13.792816,0 -89.145467,13.792811,0 -89.145465,13.792807,0 -89.145463,13.792802,0 -89.145460,13.792798,0 -89.145457,13.792794,0 -89.145454,13.792790,0 -89.145328,13.792667,0 -89.145327,13.792666,0 -89.145326,13.792665,0 -89.145117,13.792258,0 -89.145115,13.792253,0 -89.145112,13.792249,0 -89.145109,13.792246,0 -89.143620,13.790729,0 -89.143619,13.790728,0 -89.143618,13.790727,0 -89.143477,13.790452,0 -89.143476,13.790451,0 -89.143476,13.790450,0 -89.143476,13.790328,0 -89.143476,13.790322,0 -89.143475,13.790318,0 -89.143474,13.790313,0 -89.143472,13.790308,0 -89.143470,13.790303,0 -89.143467,13.790299,0 -89.143335,13.790106,0 -89.143334,13.790105,0 -89.143335,13.790104,0 -89.144029,13.789496,0 -89.144032,13.789493,0 -89.144035,13.789489,0 -89.144038,13.789485,0 -89.144041,13.789481,0 -89.144042,13.789477,0 -89.144044,13.789472,0 -89.144045,13.789468,0 -89.144046,13.789463,0 -89.144046,13.789458,0 -89.144046,13.789067,0 -89.144046,13.789066,0 -89.144047,13.789065,0 -89.144102,13.789012,0 -89.144105,13.789008,0 -89.144108,13.789004,0 -89.144111,13.789000,0 -89.144113,13.788995,0 -89.144115,13.788991,0 -89.144116,13.788986,0 -89.144117,13.788981,0 -89.144117,13.788976,0 -89.144117,13.788305,0 -89.144117,13.788304,0 -89.144118,13.788303,0 -89.144741,13.787765,0 -89.144744,13.787762,0 -89.144747,13.787758,0 -89.144750,13.787754,0 -89.144752,13.787750,0 -89.144754,13.787746,0 -89.144756,13.787741,0 -89.144757,13.787737,0 -89.144758,13.787732,0 -89.144758,13.787727,0 -89.144758,13.787418,0 -89.144758,13.787412,0 -89.144757,13.787407,0 -89.144755,13.787402,0 -89.144754,13.787397,0 -89.144751,13.787392,0 -89.144474,13.786920,0 -89.144473,13.786919,0 -89.144473,13.786918,0 -89.144473,13.786793,0 -89.144473,13.786788,0 -89.144472,13.786784,0 -89.144471,13.786779,0 -89.144469,13.786775,0 -89.144467,13.786770,0 -89.143976,13.785813,0 -89.143975,13.785812,0 -89.143975,13.785811,0 -89.143975,13.784854,0 -89.143975,13.784849,0 -89.143974,13.784845,0 -89.143973,13.784840,0 -89.143971,13.784836,0 -89.143969,13.784831,0 -89.143911,13.784717,0 -89.143908,13.784713,0 -89.143906,13.784709,0 -89.143902,13.784705,0 -89.143899,13.784702,0 -89.143895,13.784699,0 -89.143891,13.784697,0 -89.143738,13.784607,0 -89.143733,13.784604,0 -89.143728,13.784602,0 -89.143723,13.784601,0 -89.143718,13.784600,0 -89.143712,13.784600,0 -89.143300,13.784600,0 -89.143299,13.784600,0 -89.143298,13.784599,0 -89.143122,13.784428,0 -89.143121,13.784427,0 -89.143120,13.784426,0 -89.142837,13.784012,0 -89.142836,13.784011,0 -89.142836,13.784010,0 -89.142769,13.783815,0 -89.142767,13.783811,0 -89.142765,13.783807,0 -89.142763,13.783803,0 -89.142760,13.783799,0 -89.142756,13.783796,0 -89.142623,13.783666,0 -89.142622,13.783665,0 -89.142622,13.783664,0 -89.142622,13.783528,0 -89.142622,13.783527,0 -89.142623,13.783526,0 -89.142898,13.783258,0 -89.142902,13.783255,0 -89.142904,13.783251,0 -89.142907,13.783247,0 -89.142909,13.783243,0 -89.142911,13.783239,0 -89.142971,13.783062,0 -89.142973,13.783057,0 -89.142973,13.783052,0 -89.142974,13.783047,0 -89.142974,13.783042,0 -89.142973,13.783037,0 -89.142972,13.783032,0 -89.142970,13.783028,0 -89.142968,13.783023,0 -89.142837,13.782766,0 -89.142836,13.782765,0 -89.142836,13.782764,0 -89.142836,13.782643,0 -89.142836,13.782638,0 -89.142835,13.782633,0 -89.142834,13.782628,0 -89.142832,13.782623,0 -89.142830,13.782618,0 -89.142827,13.782614,0 -89.142694,13.782420,0 -89.142693,13.782419,0 -89.142693,13.782418,0 -89.142624,13.782083,0 -89.142623,13.782078,0 -89.142621,13.782073,0 -89.142619,13.782069,0 -89.142616,13.782065,0 -89.142481,13.781866,0 -89.142480,13.781865,0 -89.142480,13.781864,0 -89.142340,13.781320,0 -89.142339,13.781315,0 -89.142337,13.781311,0 -89.142335,13.781307,0 -89.142333,13.781304,0 -89.142196,13.781104,0 -89.142195,13.781103,0 -89.142195,13.781102,0 -89.142055,13.780558,0 -89.142054,13.780553,0 -89.142052,13.780549,0 -89.142050,13.780545,0 -89.142048,13.780542,0 -89.141912,13.780343,0 -89.141911,13.780342,0 -89.141912,13.780341,0 -89.141966,13.780235,0 -89.141968,13.780231,0 -89.141969,13.780226,0 -89.141970,13.780221,0 -89.141971,13.780216,0 -89.141971,13.780211,0 -89.141971,13.780206,0 -89.141970,13.780201,0 -89.141969,13.780196,0 -89.141967,13.780192,0 -89.141965,13.780187,0 -89.141962,13.780183,0 -89.141959,13.780179,0 -89.141955,13.780176,0 -89.141951,13.780172,0 -89.141947,13.780170,0 -89.141946,13.780169,0 -89.141945,13.780168,0 -89.141698,13.779789,0 -89.141697,13.779788,0 -89.141697,13.779787,0 -89.141557,13.779243,0 -89.141556,13.779238,0 -89.141554,13.779234,0 -89.141552,13.779230,0 -89.141550,13.779227,0 -89.141413,13.779027,0 -89.141412,13.779026,0 -89.141412,13.779025,0 -89.141343,13.778690,0 -89.141342,13.778685,0 -89.141340,13.778680,0 -89.141338,13.778676,0 -89.141335,13.778672,0 -89.141200,13.778473,0 -89.141199,13.778472,0 -89.141199,13.778471,0 -89.141131,13.778141,0 -89.141130,13.778136,0 -89.141128,13.778132,0 -89.141126,13.778127,0 -89.141123,13.778123,0 -89.141120,13.778119,0 -89.141117,13.778115,0 -89.141057,13.778058,0 -89.141056,13.778057,0 -89.141056,13.778056,0 -89.141056,13.775634,0 -89.141056,13.775633,0 -89.141057,13.775632,0 -89.141113,13.775579,0 -89.141116,13.775575,0 -89.141119,13.775571,0 -89.141122,13.775567,0 -89.141124,13.775562,0 -89.141126,13.775558,0 -89.141127,13.775553,0 -89.141128,13.775548,0 -89.141128,13.775543,0 -89.141128,13.775219,0 -89.141128,13.775218,0 -89.141129,13.775217,0 -89.141184,13.775164,0 -89.141187,13.775160,0 -89.141190,13.775156,0 -89.141193,13.775152,0 -89.141195,13.775147,0 -89.141197,13.775143,0 -89.141198,13.775138,0 -89.141199,13.775133,0 -89.141199,13.775128,0 -89.141199,13.774200,0 -89.141199,13.774195,0 -89.141198,13.774190,0 -89.141197,13.774185,0 -89.141195,13.774181,0 -89.141193,13.774176,0 -89.141190,13.774172,0 -89.141187,13.774168,0 -89.141184,13.774164,0 -89.141129,13.774111,0 -89.141128,13.774110,0 -89.141128,13.774109,0 -89.141128,13.773646,0 -89.141128,13.773641,0 -89.141127,13.773636,0 -89.141126,13.773631,0 -89.141124,13.773627,0 -89.141122,13.773622,0 -89.141119,13.773618,0 -89.141116,13.773614,0 -89.141113,13.773610,0 -89.141057,13.773557,0 -89.141056,13.773556,0 -89.141056,13.773555,0 -89.141056,13.773362,0 -89.141056,13.773358,0 -89.141055,13.773353,0 -89.141054,13.773349,0 -89.141053,13.773344,0 -89.141051,13.773340,0 -89.141049,13.773336,0 -89.140844,13.773003,0 -89.140843,13.773002,0 -89.140843,13.773001,0 -89.140843,13.772815,0 -89.140843,13.772810,0 -89.140842,13.772805,0 -89.140841,13.772800,0 -89.140839,13.772796,0 -89.140837,13.772791,0 -89.140834,13.772787,0 -89.140831,13.772783,0 -89.140828,13.772779,0 -89.140773,13.772726,0 -89.140772,13.772725,0 -89.140772,13.772724,0 -89.140772,13.772123,0 -89.140772,13.772118,0 -89.140771,13.772113,0 -89.140770,13.772108,0 -89.140768,13.772104,0 -89.140766,13.772099,0 -89.140763,13.772095,0 -89.140760,13.772091,0 -89.140757,13.772087,0 -89.140701,13.772034,0 -89.140700,13.772033,0 -89.140700,13.772032,0 -89.140630,13.771554,0 -89.140629,13.771548,0 -89.140627,13.771542,0 -89.140487,13.771203,0 -89.140487,13.771202,0 -89.140487,13.771201,0 -89.140487,13.770787,0 -89.140487,13.770786,0 -89.140488,13.770785,0 -89.140543,13.770732,0 -89.140546,13.770728,0 -89.140549,13.770724,0 -89.140552,13.770720,0 -89.140554,13.770715,0 -89.140556,13.770711,0 -89.140557,13.770706,0 -89.140558,13.770701,0 -89.140558,13.770696,0 -89.140558,13.770441,0 -89.140558,13.770440,0 -89.140559,13.770439,0 -89.140614,13.770386,0 -89.140617,13.770382,0 -89.140620,13.770378,0 -89.140623,13.770374,0 -89.140625,13.770369,0 -89.140627,13.770365,0 -89.140628,13.770360,0 -89.140629,13.770355,0 -89.140629,13.770350,0 -89.140629,13.769831,0 -89.140629,13.769825,0 -89.140628,13.769820,0 -89.140626,13.769815,0 -89.140625,13.769810,0 -89.140622,13.769805,0 -89.140346,13.769333,0 -89.140345,13.769332,0 -89.140345,13.769331,0 -89.140274,13.768787,0 -89.140273,13.768782,0 -89.140272,13.768778,0 -89.140271,13.768774,0 -89.140269,13.768770,0 -89.140132,13.768502,0 -89.140131,13.768501,0 -89.140131,13.768500,0 -89.140131,13.768306,0 -89.140131,13.768301,0 -89.140130,13.768297,0 -89.140129,13.768292,0 -89.140127,13.768288,0 -89.140125,13.768283,0 -89.139921,13.767886,0 -89.139919,13.767882,0 -89.139916,13.767878,0 -89.139914,13.767875,0 -89.139910,13.767872,0 -89.138780,13.766841,0 -89.138779,13.766840,0 -89.138779,13.766839,0 -89.138711,13.766643,0 -89.138709,13.766639,0 -89.138707,13.766635,0 -89.138705,13.766631,0 -89.138702,13.766627,0 -89.138698,13.766624,0 -89.138537,13.766467,0 -89.138534,13.766464,0 -89.138530,13.766461,0 -89.138526,13.766459,0 -89.138522,13.766457,0 -89.138518,13.766455,0 -89.138317,13.766390,0 -89.138316,13.766390,0 -89.138315,13.766389,0 -89.138068,13.766079,0 -89.138067,13.766078,0 -89.138067,13.766077,0 -89.138132,13.765826,0 -89.138133,13.765821,0 -89.138133,13.765816,0 -89.138133,13.765812,0 -89.138133,13.765807,0 -89.138132,13.765802,0 -89.138131,13.765798,0 -89.138129,13.765793,0 -89.138127,13.765789,0 -89.138125,13.765785,0 -89.138122,13.765781,0 -89.137854,13.765456,0 -89.137853,13.765455,0 -89.137853,13.765454,0 -89.137924,13.765110,0 -89.137924,13.765109,0 -89.137925,13.765108,0 -89.137981,13.765054,0 -89.137984,13.765050,0 -89.137987,13.765046,0 -89.137990,13.765042,0 -89.137992,13.765037,0 -89.137994,13.765033,0 -89.137995,13.765028,0 -89.137996,13.765023,0 -89.137996,13.765018,0 -89.137996,13.764641,0 -89.137996,13.764636,0 -89.137995,13.764632,0 -89.137994,13.764627,0 -89.137993,13.764623,0 -89.137991,13.764618,0 -89.137988,13.764614,0 -89.137986,13.764610,0 -89.137783,13.764348,0 -89.137782,13.764347,0 -89.137782,13.764346,0 -89.137782,13.764230,0 -89.137782,13.764225,0 -89.137781,13.764220,0 -89.137780,13.764215,0 -89.137778,13.764211,0 -89.137776,13.764206,0 -89.137773,13.764202,0 -89.137770,13.764198,0 -89.137767,13.764194,0 -89.137712,13.764140,0 -89.137711,13.764139,0 -89.137711,13.764138,0 -89.137711,13.764002,0 -89.137711,13.764001,0 -89.137712,13.764000,0 -89.137767,13.763947,0 -89.137770,13.763943,0 -89.137773,13.763939,0 -89.137776,13.763935,0 -89.137778,13.763930,0 -89.137780,13.763926,0 -89.137781,13.763921,0 -89.137782,13.763916,0 -89.137782,13.763911,0 -89.137782,13.763745,0 -89.137782,13.763740,0 -89.137781,13.763735,0 -89.137780,13.763730,0 -89.137778,13.763726,0 -89.137776,13.763721,0 -89.137773,13.763717,0 -89.137770,13.763713,0 -89.137767,13.763709,0 -89.137712,13.763656,0 -89.137711,13.763655,0 -89.137712,13.763654,0 -89.137888,13.763483,0 -89.137889,13.763482,0 -89.137890,13.763482,0 -89.138585,13.763482,0 -89.138590,13.763482,0 -89.138595,13.763481,0 -89.138600,13.763480,0 -89.138605,13.763478,0 -89.138610,13.763476,0 -89.138614,13.763473,0 -89.138840,13.763315,0 -89.138844,13.763312,0 -89.138847,13.763309,0 -89.138850,13.763305,0 -89.138853,13.763301,0 -89.138856,13.763297,0 -89.139057,13.762904,0 -89.139059,13.762899,0 -89.139061,13.762895,0 -89.139062,13.762890,0 -89.139063,13.762886,0 -89.139063,13.762881,0 -89.139063,13.762617,0 -89.139063,13.762616,0 -89.139064,13.762615,0 -89.139119,13.762562,0 -89.139122,13.762558,0 -89.139125,13.762554,0 -89.139128,13.762550,0 -89.139130,13.762545,0 -89.139132,13.762541,0 -89.139133,13.762536,0 -89.139134,13.762531,0 -89.139134,13.762526,0 -89.139134,13.762409,0 -89.139134,13.762408,0 -89.139135,13.762407,0 -89.139268,13.762214,0 -89.139271,13.762210,0 -89.139273,13.762205,0 -89.139275,13.762200,0 -89.139276,13.762195,0 -89.139277,13.762190,0 -89.139277,13.762185,0 -89.139277,13.762083,0 -89.139277,13.762078,0 -89.139276,13.762073,0 -89.139275,13.762068,0 -89.139273,13.762064,0 -89.139271,13.762059,0 -89.139268,13.762055,0 -89.139265,13.762051,0 -89.139262,13.762047,0 -89.139135,13.761925,0 -89.139134,13.761924,0 -89.139134,13.761923,0 -89.139134,13.761668,0 -89.139134,13.761663,0 -89.139133,13.761658,0 -89.139132,13.761653,0 -89.139130,13.761649,0 -89.139128,13.761644,0 -89.139125,13.761640,0 -89.139122,13.761636,0 -89.139119,13.761632,0 -89.139064,13.761578,0 -89.139063,13.761577,0 -89.139063,13.761576,0 -89.138993,13.759936,0 -89.138992,13.759931,0 -89.138992,13.759926,0 -89.138990,13.759922,0 -89.138989,13.759918,0 -89.138986,13.759913,0 -89.138984,13.759909,0 -89.138981,13.759906,0 -89.138978,13.759902,0 -89.138922,13.759847,0 -89.138921,13.759846,0 -89.138921,13.759845,0 -89.138921,13.759579,0 -89.138921,13.759574,0 -89.138920,13.759569,0 -89.138919,13.759564,0 -89.138917,13.759560,0 -89.138636,13.758878,0 -89.138636,13.758877,0 -89.138636,13.758876,0 -89.138636,13.758255,0 -89.138636,13.758254,0 -89.138637,13.758253,0 -89.138742,13.758151,0 -89.138743,13.758150,0 -89.138744,13.758150,0 -89.139284,13.758150,0 -89.139289,13.758150,0 -89.139294,13.758149,0 -89.139299,13.758148,0 -89.139304,13.758146,0 -89.139308,13.758144,0 -89.139313,13.758141,0 -89.139317,13.758138,0 -89.139320,13.758134,0 -89.139324,13.758130,0 -89.139327,13.758126,0 -89.139412,13.757989,0 -89.139414,13.757985,0 -89.139416,13.757981,0 -89.139417,13.757976,0 -89.139418,13.757972,0 -89.139419,13.757967,0 -89.139419,13.757963,0 -89.139419,13.757582,0 -89.139419,13.757577,0 -89.139418,13.757572,0 -89.139417,13.757567,0 -89.139415,13.757563,0 -89.139413,13.757558,0 -89.139410,13.757554,0 -89.139407,13.757550,0 -89.139404,13.757546,0 -89.139318,13.757463,0 -89.139314,13.757460,0 -89.139310,13.757457,0 -89.139305,13.757455,0 -89.139180,13.757393,0 -89.139176,13.757391,0 -89.139172,13.757390,0 -89.139167,13.757389,0 -89.139163,13.757388,0 -89.139158,13.757388,0 -89.138744,13.757388,0 -89.138743,13.757388,0 -89.138742,13.757387,0 -89.138637,13.757285,0 -89.138636,13.757284,0 -89.138636,13.757283,0 -89.138707,13.756870,0 -89.138707,13.756869,0 -89.138708,13.756868,0 -89.138844,13.756603,0 -89.138846,13.756598,0 -89.138848,13.756594,0 -89.138849,13.756589,0 -89.138850,13.756585,0 -89.138850,13.756580,0 -89.138850,13.755693,0 -89.138850,13.755692,0 -89.138851,13.755691,0 -89.138906,13.755638,0 -89.138909,13.755634,0 -89.138912,13.755630,0 -89.138915,13.755626,0 -89.138917,13.755621,0 -89.138919,13.755617,0 -89.138920,13.755612,0 -89.138921,13.755607,0 -89.138921,13.755602,0 -89.138921,13.754328,0 -89.138921,13.754323,0 -89.138920,13.754318,0 -89.138919,13.754313,0 -89.138917,13.754309,0 -89.138915,13.754304,0 -89.138912,13.754300,0 -89.138909,13.754296,0 -89.138906,13.754292,0 -89.138851,13.754239,0 -89.138850,13.754238,0 -89.138850,13.754237,0 -89.138850,13.753685,0 -89.138850,13.753684,0 -89.138851,13.753683,0 -89.138906,13.753630,0 -89.138909,13.753626,0 -89.138912,13.753622,0 -89.138915,13.753618,0 -89.138917,13.753613,0 -89.138919,13.753609,0 -89.138920,13.753604,0 -89.138921,13.753599,0 -89.138921,13.753594,0 -89.138921,13.752459,0 -89.138921,13.752454,0 -89.138920,13.752449,0 -89.138919,13.752444,0 -89.138917,13.752440,0 -89.138915,13.752435,0 -89.138912,13.752431,0 -89.138909,13.752427,0 -89.138906,13.752423,0 -89.138851,13.752369,0 -89.138850,13.752368,0 -89.138850,13.752367,0 -89.138850,13.751489,0 -89.138850,13.751484,0 -89.138849,13.751479,0 -89.138848,13.751474,0 -89.138846,13.751470,0 -89.138844,13.751465,0 -89.138841,13.751461,0 -89.138838,13.751457,0 -89.138835,13.751453,0 -89.138780,13.751400,0 -89.138779,13.751399,0 -89.138779,13.751398,0 -89.138779,13.750915,0 -89.138779,13.750914,0 -89.138780,13.750913,0 -89.138835,13.750860,0 -89.138838,13.750856,0 -89.138841,13.750852,0 -89.138844,13.750848,0 -89.138846,13.750843,0 -89.138848,13.750839,0 -89.138849,13.750834,0 -89.138850,13.750829,0 -89.138850,13.750824,0 -89.138850,13.750292,0 -89.138850,13.750291,0 -89.138851,13.750290,0 -89.138909,13.750233,0 -89.138913,13.750230,0 -89.138916,13.750225,0 -89.138919,13.750221,0 -89.138921,13.750216,0 -89.138923,13.750211,0 -89.138924,13.750206,0 -89.138992,13.749808,0 -89.138992,13.749807,0 -89.138993,13.749806,0 -89.139048,13.749752,0 -89.139051,13.749748,0 -89.139054,13.749744,0 -89.139057,13.749740,0 -89.139059,13.749735,0 -89.139061,13.749731,0 -89.139062,13.749726,0 -89.139063,13.749721,0 -89.139063,13.749716,0 -89.139063,13.748847,0 -89.139063,13.748842,0 -89.139062,13.748837,0 -89.139061,13.748832,0 -89.139059,13.748828,0 -89.138921,13.748492,0 -89.138921,13.748491,0 -89.138921,13.748490,0 -89.138921,13.748235,0 -89.138921,13.748230,0 -89.138920,13.748225,0 -89.138919,13.748220,0 -89.138917,13.748216,0 -89.138915,13.748211,0 -89.138912,13.748207,0 -89.138909,13.748203,0 -89.138906,13.748199,0 -89.138821,13.748117,0 -89.138817,13.748114,0 -89.138814,13.748111,0 -89.138809,13.748108,0 -89.138805,13.748106,0 -89.138325,13.747906,0 -89.138321,13.747904,0 -89.138316,13.747903,0 -89.138311,13.747902,0 -89.138306,13.747902,0 -89.138175,13.747902,0 -89.138174,13.747902,0 -89.138173,13.747901,0 -89.137972,13.747772,0 -89.137968,13.747770,0 -89.137964,13.747768,0 -89.137959,13.747766,0 -89.137955,13.747765,0 -89.137950,13.747764,0 -89.137945,13.747764,0 -89.137819,13.747764,0 -89.137818,13.747764,0 -89.137817,13.747763,0 -89.137641,13.747592,0 -89.137640,13.747591,0 -89.137641,13.747590,0 -89.138030,13.747211,0 -89.138031,13.747210,0 -89.138032,13.747210,0 -89.138082,13.747210,0 -89.138087,13.747210,0 -89.138091,13.747209,0 -89.138096,13.747208,0 -89.138101,13.747206,0 -89.138105,13.747204,0 -89.138109,13.747202,0 -89.138113,13.747199,0 -89.138117,13.747196,0 -89.138457,13.746865,0 -89.138458,13.746864,0 -89.138459,13.746864,0 -89.138506,13.746864,0 -89.138511,13.746864,0 -89.138515,13.746863,0 -89.138520,13.746862,0 -89.138525,13.746860,0 -89.138529,13.746858,0 -89.138533,13.746856,0 -89.138537,13.746853,0 -89.138541,13.746850,0 -89.138544,13.746846,0 -89.138820,13.746519,0 -89.138823,13.746515,0 -89.138826,13.746510,0 -89.138828,13.746506,0 -89.138830,13.746501,0 -89.138831,13.746496,0 -89.138832,13.746491,0 -89.138832,13.746486,0 -89.138832,13.746481,0 -89.138831,13.746476,0 -89.138830,13.746472,0 -89.138828,13.746467,0 -89.138826,13.746462,0 -89.138823,13.746458,0 -89.138820,13.746454,0 -89.138817,13.746451,0 -89.138780,13.746415,0 -89.138779,13.746414,0 -89.138779,13.746413,0 -89.138779,13.745673,0 -89.138779,13.745668,0 -89.138778,13.745663,0 -89.138777,13.745658,0 -89.138775,13.745654,0 -89.138773,13.745649,0 -89.138770,13.745645,0 -89.138767,13.745641,0 -89.138764,13.745637,0 -89.138708,13.745584,0 -89.138707,13.745583,0 -89.138707,13.745582,0 -89.138707,13.744911,0 -89.138707,13.744906,0 -89.138706,13.744901,0 -89.138705,13.744896,0 -89.138703,13.744892,0 -89.138701,13.744887,0 -89.138698,13.744883,0 -89.138695,13.744879,0 -89.138692,13.744875,0 -89.138637,13.744822,0 -89.138636,13.744821,0 -89.138636,13.744820,0 -89.138636,13.744219,0 -89.138636,13.744214,0 -89.138635,13.744209,0 -89.138634,13.744204,0 -89.138632,13.744200,0 -89.138630,13.744195,0 -89.138627,13.744191,0 -89.138624,13.744187,0 -89.138621,13.744183,0 -89.138566,13.744130,0 -89.138565,13.744129,0 -89.138565,13.744128,0 -89.138565,13.743853,0 -89.138565,13.743852,0 -89.138566,13.743851,0 -89.138671,13.743749,0 -89.138672,13.743748,0 -89.138673,13.743749,0 -89.138728,13.743803,0 -89.138732,13.743806,0 -89.138736,13.743809,0 -89.138740,13.743811,0 -89.138744,13.743813,0 -89.138749,13.743815,0 -89.138754,13.743816,0 -89.138758,13.743817,0 -89.138763,13.743817,0 -89.138956,13.743817,0 -89.138957,13.743817,0 -89.138958,13.743817,0 -89.139446,13.744021,0 -89.139450,13.744023,0 -89.139455,13.744024,0 -89.139460,13.744025,0 -89.139465,13.744025,0 -89.140308,13.744025,0 -89.140309,13.744025,0 -89.140310,13.744026,0 -89.140365,13.744080,0 -89.140369,13.744083,0 -89.140373,13.744086,0 -89.140377,13.744088,0 -89.140381,13.744090,0 -89.140386,13.744092,0 -89.140391,13.744093,0 -89.140395,13.744094,0 -89.140400,13.744094,0 -89.141570,13.744094,0 -89.141575,13.744094,0 -89.141579,13.744093,0 -89.141584,13.744092,0 -89.141589,13.744090,0 -89.141593,13.744088,0 -89.141597,13.744086,0 -89.141601,13.744083,0 -89.141605,13.744080,0 -89.141660,13.744026,0 -89.141661,13.744025,0 -89.141662,13.744025,0 -89.143990,13.744025,0 -89.143995,13.744025,0 -89.143999,13.744024,0 -89.144004,13.744023,0 -89.144009,13.744021,0 -89.144013,13.744019,0 -89.144017,13.744017,0 -89.144021,13.744014,0 -89.144025,13.744011,0 -89.144080,13.743957,0 -89.144081,13.743956,0 -89.144082,13.743956,0 -89.144201,13.743956,0 -89.144206,13.743956,0 -89.144211,13.743955,0 -89.144215,13.743954,0 -89.144220,13.743952,0 -89.144224,13.743950,0 -89.144228,13.743948,0 -89.144232,13.743945,0 -89.144236,13.743942,0 -89.144239,13.743939,0 -89.144579,13.743541,0 -89.144580,13.743540,0 -89.144581,13.743540,0 -89.144631,13.743540,0 -89.144636,13.743540,0 -89.144640,13.743539,0 -89.144645,13.743538,0 -89.144650,13.743536,0 -89.144654,13.743534,0 -89.144658,13.743532,0 -89.144662,13.743529,0 -89.144666,13.743526,0 -89.144935,13.743264,0 -89.144936,13.743263,0 -89.144937,13.743262,0 -89.145498,13.742989,0 -89.145502,13.742987,0 -89.145507,13.742984,0 -89.145511,13.742980,0 -89.145718,13.742780,0 -89.145719,13.742779,0 -89.145720,13.742779,0 -89.145724,13.742777,0 -89.145728,13.742775,0 -89.145732,13.742772,0 -89.145736,13.742770,0 -89.145740,13.742766,0 -89.145743,13.742763,0 -89.145746,13.742759,0 -89.145748,13.742755,0 -89.145750,13.742750,0 -89.145752,13.742746,0 -89.145753,13.742741,0 -89.145754,13.742736,0 -89.145754,13.742731,0 -89.145754,13.742557,0 -89.145754,13.742552,0 -89.145753,13.742547,0 -89.145752,13.742542,0 -89.145750,13.742538,0 -89.145748,13.742533,0 -89.145745,13.742529,0 -89.145742,13.742525,0 -89.145739,13.742521,0 -89.145542,13.742330,0 -89.145541,13.742329,0 -89.145541,13.742328,0 -89.145541,13.742122,0 -89.145541,13.742121,0 -89.145542,13.742120,0 -89.145747,13.741787,0 -89.145749,13.741783,0 -89.145751,13.741779,0 -89.145752,13.741774,0 -89.145753,13.741770,0 -89.145754,13.741765,0 -89.145754,13.741761,0 -89.145754,13.741092,0 -89.145754,13.741087,0 -89.145753,13.741082,0 -89.145752,13.741077,0 -89.145750,13.741073,0 -89.145615,13.740743,0 -89.145613,13.740738,0 -89.145610,13.740734,0 -89.145608,13.740730,0 -89.145373,13.740437,0 -89.145370,13.740433,0 -89.145366,13.740429,0 -89.145362,13.740426,0 -89.145357,13.740423,0 -89.145352,13.740421,0 -89.145347,13.740420,0 -89.144865,13.740286,0 -89.144864,13.740286,0 -89.144863,13.740285,0 -89.144616,13.740114,0 -89.144615,13.740113,0 -89.144615,13.740112,0 -89.144683,13.739723,0 -89.144683,13.739718,0 -89.144683,13.739713,0 -89.144683,13.739708,0 -89.144682,13.739704,0 -89.144681,13.739699,0 -89.144679,13.739694,0 -89.144677,13.739690,0 -89.144674,13.739686,0 -89.144671,13.739682,0 -89.144668,13.739679,0 -89.144524,13.739538,0 -89.144520,13.739535,0 -89.144516,13.739532,0 -89.144512,13.739530,0 -89.144508,13.739528,0 -89.144503,13.739526,0 -89.144498,13.739525,0 -89.144494,13.739524,0 -89.144489,13.739524,0 -89.144438,13.739524,0 -89.144437,13.739524,0 -89.144436,13.739523,0 -89.144260,13.739283,0 -89.144259,13.739282,0 -89.144259,13.739281,0 -89.144259,13.738957,0 -89.144259,13.738952,0 -89.144258,13.738947,0 -89.144257,13.738942,0 -89.144255,13.738938,0 -89.144253,13.738933,0 -89.144250,13.738929,0 -89.144247,13.738925,0 -89.144244,13.738921,0 -89.144189,13.738867,0 -89.144188,13.738866,0 -89.144188,13.738865,0 -89.144188,13.738463,0 -89.144188,13.738458,0 -89.144187,13.738454,0 -89.144186,13.738449,0 -89.144184,13.738445,0 -89.144182,13.738440,0 -89.144121,13.738320,0 -89.144118,13.738316,0 -89.144115,13.738311,0 -89.144111,13.738307,0 -89.144025,13.738223,0 -89.144021,13.738220,0 -89.144017,13.738217,0 -89.144013,13.738215,0 -89.144009,13.738213,0 -89.144004,13.738211,0 -89.143999,13.738210,0 -89.143995,13.738209,0 -89.143990,13.738209,0 -89.143086,13.738209,0 -89.143085,13.738209,0 -89.143084,13.738208,0 -89.142979,13.738106,0 -89.142978,13.738105,0 -89.142979,13.738104,0 -89.143226,13.737864,0 -89.143227,13.737863,0 -89.143228,13.737863,0 -89.143777,13.737729,0 -89.143782,13.737727,0 -89.143786,13.737726,0 -89.143791,13.737723,0 -89.143795,13.737721,0 -89.143798,13.737718,0 -89.143802,13.737714,0 -89.143805,13.737711,0 -89.143808,13.737707,0 -89.143897,13.737563,0 -89.143899,13.737559,0 -89.143901,13.737555,0 -89.143902,13.737550,0 -89.143903,13.737546,0 -89.143904,13.737541,0 -89.143904,13.737537,0 -89.143904,13.737413,0 -89.143904,13.737412,0 -89.143905,13.737411,0 -89.144173,13.737150,0 -89.144176,13.737146,0 -89.144179,13.737142,0 -89.144182,13.737138,0 -89.144184,13.737133,0 -89.144186,13.737129,0 -89.144187,13.737124,0 -89.144188,13.737119,0 -89.144188,13.737114,0 -89.144188,13.736869,0 -89.144188,13.736864,0 -89.144187,13.736859,0 -89.144186,13.736854,0 -89.144184,13.736850,0 -89.144046,13.736513,0 -89.144046,13.736512,0 -89.144046,13.736511,0 -89.144117,13.735890,0 -89.144117,13.735889,0 -89.144118,13.735888,0 -89.144253,13.735623,0 -89.144255,13.735618,0 -89.144257,13.735614,0 -89.144258,13.735609,0 -89.144259,13.735605,0 -89.144259,13.735600,0 -89.144259,13.735475,0 -89.144259,13.735474,0 -89.144260,13.735473,0 -89.144395,13.735276,0 -89.144398,13.735272,0 -89.144400,13.735268,0 -89.144401,13.735263,0 -89.144403,13.735258,0 -89.144403,13.735254,0 -89.144473,13.734644,0 -89.144473,13.734643,0 -89.144474,13.734642,0 -89.144608,13.734511,0 -89.144611,13.734507,0 -89.144614,13.734503,0 -89.144617,13.734499,0 -89.144619,13.734495,0 -89.144755,13.734164,0 -89.144757,13.734160,0 -89.144758,13.734156,0 -89.144759,13.734151,0 -89.144829,13.733605,0 -89.144829,13.733604,0 -89.144829,13.733603,0 -89.144965,13.733338,0 -89.144967,13.733333,0 -89.144969,13.733329,0 -89.144970,13.733324,0 -89.144971,13.733320,0 -89.144971,13.733315,0 -89.144971,13.733121,0 -89.144971,13.733120,0 -89.144972,13.733119,0 -89.145183,13.732639,0 -89.145185,13.732635,0 -89.145186,13.732631,0 -89.145327,13.732082,0 -89.145327,13.732081,0 -89.145328,13.732080,0 -89.145575,13.731909,0 -89.145576,13.731908,0 -89.145577,13.731908,0 -89.145777,13.731908,0 -89.145782,13.731908,0 -89.145787,13.731907,0 -89.145792,13.731906,0 -89.145797,13.731904,0 -89.145801,13.731902,0 -89.146287,13.731632,0 -89.146288,13.731631,0 -89.146289,13.731631,0 -89.146477,13.731631,0 -89.146481,13.731631,0 -89.146486,13.731630,0 -89.146491,13.731629,0 -89.146495,13.731628,0 -89.146499,13.731626,0 -89.146503,13.731623,0 -89.146507,13.731621,0 -89.146511,13.731618,0 -89.146514,13.731614,0 -89.146517,13.731611,0 -89.146670,13.731402,0 -89.146673,13.731398,0 -89.146676,13.731393,0 -89.146678,13.731388,0 -89.146679,13.731383,0 -89.146680,13.731378,0 -89.146680,13.731373,0 -89.146680,13.730925,0 -89.146680,13.730920,0 -89.146679,13.730915,0 -89.146678,13.730910,0 -89.146676,13.730906,0 -89.146674,13.730901,0 -89.146671,13.730897,0 -89.146668,13.730893,0 -89.146665,13.730889,0 -89.146609,13.730836,0 -89.146608,13.730835,0 -89.146608,13.730834,0 -89.146608,13.730697,0 -89.146608,13.730696,0 -89.146609,13.730695,0 -89.146665,13.730642,0 -89.146668,13.730638,0 -89.146671,13.730634,0 -89.146674,13.730630,0 -89.146676,13.730625,0 -89.146678,13.730621,0 -89.146679,13.730616,0 -89.146680,13.730611,0 -89.146680,13.730606,0 -89.146680,13.730440,0 -89.146680,13.730435,0 -89.146679,13.730430,0 -89.146678,13.730425,0 -89.146676,13.730421,0 -89.146674,13.730416,0 -89.146671,13.730412,0 -89.146668,13.730408,0 -89.146665,13.730404,0 -89.146609,13.730351,0 -89.146608,13.730350,0 -89.146608,13.730349,0 -89.146608,13.729823,0 -89.146608,13.729818,0 -89.146607,13.729813,0 -89.146606,13.729808,0 -89.146604,13.729804,0 -89.146602,13.729799,0 -89.146599,13.729795,0 -89.146596,13.729791,0 -89.146593,13.729787,0 -89.146589,13.729784,0 -89.146585,13.729781,0 -89.146396,13.729659,0 -89.146395,13.729658,0 -89.146395,13.729657,0 -89.146394,13.729654,0 -89.146392,13.729649,0 -89.146389,13.729645,0 -89.146387,13.729641,0 -89.146384,13.729637,0 -89.146380,13.729634,0 -89.146376,13.729631,0 -89.146372,13.729628,0 -89.146368,13.729626,0 -89.146363,13.729624,0 -89.146359,13.729623,0 -89.146359,13.729623,0 -89.146358,13.729622,0 -89.145720,13.729208,0 -89.145719,13.729207,0 -89.145718,13.729206,0 -89.145043,13.728551,0 -89.145042,13.728550,0 -89.145042,13.728549,0 -89.145114,13.726820,0 -89.145114,13.726819,0 -89.145115,13.726818,0 -89.145170,13.726764,0 -89.145173,13.726760,0 -89.145176,13.726756,0 -89.145179,13.726752,0 -89.145181,13.726747,0 -89.145183,13.726743,0 -89.145184,13.726738,0 -89.145185,13.726733,0 -89.145185,13.726728,0 -89.145185,13.726404,0 -89.145185,13.726403,0 -89.145186,13.726402,0 -89.145241,13.726349,0 -89.145244,13.726345,0 -89.145247,13.726341,0 -89.145250,13.726337,0 -89.145252,13.726332,0 -89.145254,13.726328,0 -89.145255,13.726323,0 -89.145256,13.726318,0 -89.145256,13.726313,0 -89.145256,13.726058,0 -89.145256,13.726057,0 -89.145257,13.726056,0 -89.145310,13.726004,0 -89.145314,13.726001,0 -89.145317,13.725997,0 -89.145319,13.725993,0 -89.145321,13.725988,0 -89.145323,13.725984,0 -89.145324,13.725979,0 -89.145325,13.725975,0 -89.145326,13.725970,0 -89.145325,13.725965,0 -89.145256,13.724950,0 -89.145256,13.724949,0 -89.145257,13.724948,0 -89.145314,13.724892,0 -89.145318,13.724889,0 -89.145321,13.724885,0 -89.145323,13.724881,0 -89.145325,13.724876,0 -89.145327,13.724872,0 -89.145328,13.724867,0 -89.145329,13.724862,0 -89.145398,13.724258,0 -89.145398,13.724257,0 -89.145399,13.724256,0 -89.145450,13.724205,0 -89.145454,13.724202,0 -89.145457,13.724198,0 -89.145459,13.724194,0 -89.145461,13.724190,0 -89.145463,13.724185,0 -89.145464,13.724180,0 -89.145465,13.724176,0 -89.145465,13.724171,0 -89.145465,13.724166,0 -89.145465,13.724161,0 -89.145401,13.723788,0 -89.145400,13.723783,0 -89.145398,13.723778,0 -89.145396,13.723773,0 -89.145393,13.723769,0 -89.145390,13.723764,0 -89.145386,13.723761,0 -89.145043,13.723427,0 -89.145042,13.723426,0 -89.145043,13.723425,0 -89.145219,13.723254,0 -89.145220,13.723253,0 -89.145221,13.723253,0 -89.145919,13.723253,0 -89.145924,13.723253,0 -89.145929,13.723252,0 -89.145934,13.723251,0 -89.145939,13.723249,0 -89.145943,13.723247,0 -89.147070,13.722631,0 -89.147071,13.722630,0 -89.147072,13.722630,0 -89.147483,13.722563,0 -89.147487,13.722561,0 -89.147492,13.722560,0 -89.147497,13.722558,0 -89.147501,13.722555,0 -89.147505,13.722552,0 -89.147509,13.722549,0 -89.147732,13.722333,0 -89.147735,13.722329,0 -89.147738,13.722325,0 -89.147741,13.722321,0 -89.147743,13.722316,0 -89.147745,13.722312,0 -89.147746,13.722307,0 -89.147747,13.722302,0 -89.147747,13.722297,0 -89.147747,13.722042,0 -89.147747,13.722041,0 -89.147748,13.722040,0 -89.147801,13.721989,0 -89.147804,13.721985,0 -89.147807,13.721981,0 -89.147810,13.721977,0 -89.147812,13.721972,0 -89.147814,13.721968,0 -89.147815,13.721963,0 -89.147816,13.721958,0 -89.147816,13.721953,0 -89.147816,13.721948,0 -89.147749,13.721160,0 -89.147748,13.721155,0 -89.147747,13.721150,0 -89.147745,13.721145,0 -89.147743,13.721140,0 -89.147740,13.721136,0 -89.147737,13.721132,0 -89.147734,13.721128,0 -89.147677,13.721073,0 -89.147676,13.721072,0 -89.147676,13.721071,0 -89.147676,13.720677,0 -89.147676,13.720672,0 -89.147675,13.720667,0 -89.147674,13.720662,0 -89.147672,13.720658,0 -89.147670,13.720653,0 -89.147667,13.720649,0 -89.147664,13.720645,0 -89.147661,13.720641,0 -89.147606,13.720588,0 -89.147605,13.720587,0 -89.147605,13.720586,0 -89.147605,13.720193,0 -89.147605,13.720188,0 -89.147604,13.720183,0 -89.147603,13.720178,0 -89.147601,13.720174,0 -89.147599,13.720169,0 -89.147596,13.720165,0 -89.147593,13.720161,0 -89.147590,13.720157,0 -89.147535,13.720103,0 -89.147534,13.720102,0 -89.147534,13.720101,0 -89.147534,13.719777,0 -89.147534,13.719772,0 -89.147533,13.719767,0 -89.147532,13.719762,0 -89.147530,13.719758,0 -89.147528,13.719753,0 -89.147525,13.719749,0 -89.147522,13.719745,0 -89.147519,13.719741,0 -89.147464,13.719688,0 -89.147463,13.719687,0 -89.147463,13.719686,0 -89.147463,13.719154,0 -89.147463,13.719149,0 -89.147462,13.719144,0 -89.147461,13.719139,0 -89.147459,13.719135,0 -89.147457,13.719130,0 -89.147454,13.719126,0 -89.147451,13.719122,0 -89.147448,13.719118,0 -89.147392,13.719065,0 -89.147391,13.719064,0 -89.147391,13.719063,0 -89.147391,13.718669,0 -89.147391,13.718664,0 -89.147390,13.718659,0 -89.147389,13.718654,0 -89.147387,13.718650,0 -89.147385,13.718645,0 -89.147382,13.718641,0 -89.147379,13.718637,0 -89.147376,13.718633,0 -89.147321,13.718580,0 -89.147320,13.718579,0 -89.147320,13.718578,0 -89.147249,13.717749,0 -89.147249,13.717748,0 -89.147250,13.717747,0 -89.147355,13.717645,0 -89.147356,13.717644,0 -89.147357,13.717644,0 -89.147976,13.717644,0 -89.147981,13.717644,0 -89.147985,13.717643,0 -89.147990,13.717642,0 -89.147995,13.717640,0 -89.147999,13.717638,0 -89.148003,13.717636,0 -89.148007,13.717633,0 -89.148011,13.717630,0 -89.148067,13.717576,0 -89.148068,13.717575,0 -89.148069,13.717575,0 -89.148403,13.717575,0 -89.148408,13.717575,0 -89.148412,13.717574,0 -89.148417,13.717573,0 -89.148422,13.717571,0 -89.148426,13.717569,0 -89.148430,13.717567,0 -89.148434,13.717564,0 -89.148438,13.717561,0 -89.148494,13.717507,0 -89.148495,13.717506,0 -89.148496,13.717506,0 -89.148902,13.717506,0 -89.148907,13.717506,0 -89.148911,13.717505,0 -89.148916,13.717504,0 -89.148921,13.717502,0 -89.148925,13.717500,0 -89.148929,13.717498,0 -89.148933,13.717495,0 -89.148937,13.717492,0 -89.148992,13.717438,0 -89.148993,13.717437,0 -89.148994,13.717437,0 -89.149399,13.717437,0 -89.149404,13.717437,0 -89.149409,13.717436,0 -89.149414,13.717435,0 -89.149418,13.717433,0 -89.149423,13.717431,0 -89.149427,13.717429,0 -89.149431,13.717426,0 -89.149435,13.717423,0 -89.149490,13.717368,0 -89.149491,13.717367,0 -89.149492,13.717367,0 -89.150325,13.717367,0 -89.150330,13.717367,0 -89.150334,13.717366,0 -89.150339,13.717365,0 -89.150344,13.717363,0 -89.150348,13.717361,0 -89.150352,13.717359,0 -89.150356,13.717356,0 -89.150360,13.717353,0 -89.150415,13.717299,0 -89.150416,13.717298,0 -89.150417,13.717298,0 -89.151056,13.717298,0 -89.151057,13.717298,0 -89.151058,13.717298,0 -89.152543,13.717917,0 -89.152547,13.717919,0 -89.152552,13.717920,0 -89.152557,13.717921,0 -89.152562,13.717921,0 -89.153600,13.717921,0 -89.153605,13.717921,0 -89.153609,13.717920,0 -89.153614,13.717919,0 -89.153619,13.717917,0 -89.153623,13.717915,0 -89.153627,13.717913,0 -89.153631,13.717910,0 -89.153635,13.717907,0 -89.153690,13.717853,0 -89.153691,13.717852,0 -89.153692,13.717852,0 -89.153832,13.717852,0 -89.153833,13.717852,0 -89.153834,13.717853,0 -89.154032,13.718046,0 -89.154036,13.718049,0 -89.154040,13.718052,0 -89.154044,13.718054,0 -89.154048,13.718056,0 -89.154053,13.718058,0 -89.154058,13.718059,0 -89.154062,13.718060,0 -89.154067,13.718060,0 -89.154240,13.718060,0 -89.154245,13.718060,0 -89.154249,13.718059,0 -89.154254,13.718058,0 -89.154259,13.718056,0 -89.154263,13.718054,0 -89.154267,13.718052,0 -89.154271,13.718049,0 -89.154275,13.718046,0 -89.154473,13.717853,0 -89.154474,13.717852,0 -89.154475,13.717852,0 -89.154971,13.717921,0 -89.154972,13.717921,0 -89.154973,13.717922,0 -89.155013,13.717961,0 -89.155017,13.717964,0 -89.155021,13.717967,0 -89.155025,13.717969,0 -89.155030,13.717971,0 -89.155034,13.717973,0 -89.155039,13.717974,0 -89.155044,13.717975,0 -89.155049,13.717975,0 -89.155054,13.717974,0 -89.155059,13.717974,0 -89.155064,13.717972,0 -89.155068,13.717970,0 -89.155073,13.717968,0 -89.155077,13.717965,0 -89.155327,13.717784,0 -89.155328,13.717783,0 -89.155329,13.717783,0 -89.155469,13.717783,0 -89.155470,13.717783,0 -89.155471,13.717784,0 -89.155647,13.717955,0 -89.155648,13.717956,0 -89.155649,13.717957,0 -89.155790,13.718232,0 -89.155791,13.718233,0 -89.155790,13.718234,0 -89.155725,13.718360,0 -89.155723,13.718364,0 -89.155721,13.718369,0 -89.155720,13.718374,0 -89.155719,13.718378,0 -89.155719,13.718383,0 -89.155719,13.718558,0 -89.155719,13.718563,0 -89.155720,13.718568,0 -89.155721,13.718573,0 -89.155723,13.718577,0 -89.155725,13.718582,0 -89.155728,13.718586,0 -89.155731,13.718590,0 -89.155734,13.718594,0 -89.155882,13.718738,0 -89.155886,13.718741,0 -89.155890,13.718744,0 -89.155894,13.718746,0 -89.155898,13.718748,0 -89.155903,13.718750,0 -89.155908,13.718751,0 -89.155912,13.718752,0 -89.155917,13.718752,0 -89.156110,13.718752,0 -89.156111,13.718752,0 -89.156112,13.718753,0 -89.156217,13.718855,0 -89.156218,13.718856,0 -89.156218,13.718857,0 -89.156218,13.718993,0 -89.156218,13.718994,0 -89.156217,13.718995,0 -89.156080,13.719195,0 -89.156078,13.719198,0 -89.156076,13.719202,0 -89.156074,13.719206,0 -89.156073,13.719211,0 -89.156004,13.719478,0 -89.156004,13.719479,0 -89.156003,13.719480,0 -89.155734,13.719741,0 -89.155731,13.719745,0 -89.155728,13.719749,0 -89.155725,13.719753,0 -89.155723,13.719758,0 -89.155721,13.719762,0 -89.155720,13.719767,0 -89.155719,13.719772,0 -89.155719,13.719777,0 -89.155719,13.720015,0 -89.155719,13.720020,0 -89.155720,13.720025,0 -89.155721,13.720030,0 -89.155723,13.720034,0 -89.155725,13.720039,0 -89.155728,13.720043,0 -89.155731,13.720047,0 -89.156025,13.720396,0 -89.156028,13.720400,0 -89.156032,13.720403,0 -89.156036,13.720406,0 -89.156040,13.720408,0 -89.156044,13.720410,0 -89.156049,13.720412,0 -89.156054,13.720413,0 -89.156058,13.720414,0 -89.156063,13.720414,0 -89.156233,13.720414,0 -89.156238,13.720414,0 -89.156242,13.720413,0 -89.156247,13.720412,0 -89.156252,13.720410,0 -89.156256,13.720408,0 -89.156260,13.720406,0 -89.156264,13.720403,0 -89.156268,13.720400,0 -89.156466,13.720207,0 -89.156467,13.720206,0 -89.156468,13.720206,0 -89.156679,13.720206,0 -89.156680,13.720206,0 -89.156681,13.720207,0 -89.157733,13.721231,0 -89.157737,13.721234,0 -89.157741,13.721237,0 -89.157745,13.721239,0 -89.157749,13.721241,0 -89.157754,13.721243,0 -89.157759,13.721244,0 -89.157763,13.721245,0 -89.157768,13.721245,0 -89.158013,13.721245,0 -89.158017,13.721245,0 -89.158022,13.721244,0 -89.158027,13.721243,0 -89.158031,13.721241,0 -89.158036,13.721239,0 -89.158040,13.721237,0 -89.158044,13.721234,0 -89.158048,13.721231,0 -89.158245,13.721038,0 -89.158246,13.721037,0 -89.158247,13.721037,0 -89.158459,13.721037,0 -89.158460,13.721037,0 -89.158461,13.721038,0 -89.159085,13.721646,0 -89.159089,13.721649,0 -89.159093,13.721652,0 -89.159097,13.721654,0 -89.159101,13.721656,0 -89.159106,13.721658,0 -89.159111,13.721659,0 -89.159116,13.721660,0 -89.159120,13.721660,0 -89.159302,13.721660,0 -89.159307,13.721660,0 -89.159311,13.721659,0 -89.159316,13.721658,0 -89.159320,13.721657,0 -89.159324,13.721655,0 -89.159449,13.721595,0 -89.159453,13.721592,0 -89.159458,13.721589,0 -89.159462,13.721585,0 -89.159628,13.721424,0 -89.159632,13.721420,0 -89.159635,13.721415,0 -89.159638,13.721411,0 -89.159771,13.721152,0 -89.159773,13.721147,0 -89.159775,13.721143,0 -89.159776,13.721138,0 -89.159777,13.721134,0 -89.159777,13.721129,0 -89.159777,13.720934,0 -89.159777,13.720933,0 -89.159778,13.720932,0 -89.159882,13.720830,0 -89.159883,13.720829,0 -89.159883,13.720829,0 -89.159887,13.720832,0 -89.159891,13.720834,0 -89.159896,13.720836,0 -89.159901,13.720837,0 -89.159906,13.720838,0 -89.159911,13.720838,0 -89.159916,13.720838,0 -89.159921,13.720838,0 -89.159925,13.720837,0 -89.159930,13.720835,0 -89.159935,13.720833,0 -89.159939,13.720831,0 -89.159943,13.720828,0 -89.159947,13.720824,0 -89.159950,13.720821,0 -89.159953,13.720817,0 -89.159956,13.720813,0 -89.159958,13.720808,0 -89.159960,13.720803,0 -89.159961,13.720799,0 -89.159962,13.720794,0 -89.159962,13.720789,0 -89.159962,13.720784,0 -89.159961,13.720779,0 -89.159960,13.720774,0 -89.159958,13.720769,0 -89.159956,13.720765,0 -89.159954,13.720760,0 -89.159951,13.720756,0 -89.159947,13.720753,0 -89.159920,13.720726,0 -89.159919,13.720725,0 -89.159919,13.720724,0 -89.159919,13.720450,0 -89.159919,13.720449,0 -89.159920,13.720448,0 -89.160054,13.720251,0 -89.160057,13.720247,0 -89.160059,13.720243,0 -89.160060,13.720238,0 -89.160062,13.720234,0 -89.160063,13.720229,0 -89.160133,13.719688,0 -89.160133,13.719687,0 -89.160133,13.719686,0 -89.160342,13.719212,0 -89.160344,13.719207,0 -89.160345,13.719202,0 -89.160346,13.719197,0 -89.160346,13.719192,0 -89.160346,13.719006,0 -89.160346,13.719001,0 -89.160345,13.718997,0 -89.160344,13.718992,0 -89.160342,13.718988,0 -89.160340,13.718983,0 -89.160205,13.718718,0 -89.160204,13.718717,0 -89.160205,13.718716,0 -89.160594,13.718268,0 -89.160595,13.718267,0 -89.160596,13.718267,0 -89.160798,13.718202,0 -89.160802,13.718200,0 -89.160806,13.718198,0 -89.160810,13.718196,0 -89.160814,13.718193,0 -89.160817,13.718190,0 -89.160972,13.718040,0 -89.160975,13.718036,0 -89.160978,13.718032,0 -89.160981,13.718028,0 -89.160983,13.718023,0 -89.160985,13.718019,0 -89.160986,13.718014,0 -89.160987,13.718009,0 -89.160987,13.718004,0 -89.160987,13.717691,0 -89.160987,13.717686,0 -89.160986,13.717682,0 -89.160985,13.717677,0 -89.160983,13.717673,0 -89.160981,13.717668,0 -89.160845,13.717403,0 -89.160844,13.717402,0 -89.160844,13.717401,0 -89.160774,13.716857,0 -89.160773,13.716852,0 -89.160772,13.716848,0 -89.160771,13.716844,0 -89.160769,13.716840,0 -89.160561,13.716434,0 -89.160560,13.716433,0 -89.160560,13.716432,0 -89.160560,13.716018,0 -89.160560,13.716017,0 -89.160561,13.716016,0 -89.160903,13.715616,0 -89.160906,13.715612,0 -89.160909,13.715608,0 -89.160911,13.715603,0 -89.160913,13.715598,0 -89.160914,13.715594,0 -89.160915,13.715589,0 -89.160915,13.715584,0 -89.160915,13.715346,0 -89.160915,13.715341,0 -89.160914,13.715336,0 -89.160913,13.715331,0 -89.160911,13.715327,0 -89.160909,13.715322,0 -89.160906,13.715318,0 -89.160903,13.715314,0 -89.160900,13.715310,0 -89.160845,13.715256,0 -89.160844,13.715255,0 -89.160844,13.715254,0 -89.160844,13.715136,0 -89.160844,13.715130,0 -89.160843,13.715125,0 -89.160842,13.715121,0 -89.160840,13.715116,0 -89.160838,13.715111,0 -89.160835,13.715107,0 -89.160832,13.715103,0 -89.160489,13.714703,0 -89.160488,13.714702,0 -89.160488,13.714701,0 -89.160488,13.714426,0 -89.160488,13.714425,0 -89.160489,13.714424,0 -89.160696,13.714020,0 -89.160698,13.714015,0 -89.160700,13.714011,0 -89.160701,13.714006,0 -89.160702,13.714002,0 -89.160702,13.713997,0 -89.160702,13.713872,0 -89.160702,13.713871,0 -89.160703,13.713870,0 -89.160908,13.713536,0 -89.160910,13.713532,0 -89.160912,13.713528,0 -89.160913,13.713523,0 -89.160914,13.713519,0 -89.160915,13.713514,0 -89.160915,13.713510,0 -89.160915,13.713387,0 -89.160915,13.713386,0 -89.160916,13.713385,0 -89.161306,13.713006,0 -89.161307,13.713005,0 -89.161308,13.713005,0 -89.161510,13.712940,0 -89.161514,13.712938,0 -89.161518,13.712936,0 -89.161522,13.712934,0 -89.161526,13.712931,0 -89.161529,13.712928,0 -89.161733,13.712729,0 -89.161734,13.712728,0 -89.161735,13.712728,0 -89.161739,13.712726,0 -89.161744,13.712725,0 -89.161748,13.712722,0 -89.161752,13.712720,0 -89.161756,13.712717,0 -89.161759,13.712713,0 -89.161762,13.712710,0 -89.161765,13.712706,0 -89.161767,13.712702,0 -89.161769,13.712697,0 -89.161770,13.712695,0 -89.161770,13.712693,0 -89.161983,13.712210,0 -89.161983,13.712209,0 -89.161984,13.712208,0 -89.162160,13.712037,0 -89.162161,13.712036,0 -89.162162,13.712036,0 -89.162508,13.711901,0 -89.162512,13.711899,0 -89.162516,13.711896,0 -89.162521,13.711893,0 -89.162524,13.711890,0 -89.162617,13.711799,0 -89.162621,13.711796,0 -89.162623,13.711793,0 -89.162626,13.711789,0 -89.162628,13.711785,0 -89.162980,13.711033,0 -89.162980,13.711032,0 -89.162981,13.711031,0 -89.163299,13.710721,0 -89.163300,13.710720,0 -89.163301,13.710720,0 -89.163501,13.710655,0 -89.163505,13.710654,0 -89.163509,13.710652,0 -89.163513,13.710649,0 -89.163517,13.710647,0 -89.163520,13.710644,0 -89.163523,13.710641,0 -89.164296,13.709752,0 -89.164297,13.709751,0 -89.164298,13.709750,0 -89.164438,13.709682,0 -89.164439,13.709682,0 -89.164440,13.709682,0 -89.164632,13.709682,0 -89.164637,13.709682,0 -89.164641,13.709681,0 -89.164646,13.709680,0 -89.164651,13.709678,0 -89.164655,13.709676,0 -89.164659,13.709674,0 -89.164663,13.709671,0 -89.164667,13.709668,0 -89.164723,13.709613,0 -89.164724,13.709612,0 -89.164725,13.709612,0 -89.164924,13.709612,0 -89.164929,13.709612,0 -89.164934,13.709611,0 -89.164939,13.709610,0 -89.164944,13.709608,0 -89.164949,13.709605,0 -89.165292,13.709406,0 -89.165293,13.709405,0 -89.165294,13.709405,0 -89.165415,13.709405,0 -89.165420,13.709405,0 -89.165424,13.709404,0 -89.165429,13.709403,0 -89.165434,13.709401,0 -89.165438,13.709399,0 -89.165442,13.709397,0 -89.165446,13.709394,0 -89.165450,13.709391,0 -89.165532,13.709311,0 -89.165535,13.709307,0 -89.165538,13.709304,0 -89.165540,13.709300,0 -89.165542,13.709296,0 -89.165544,13.709292,0 -89.165545,13.709287,0 -89.165606,13.709052,0 -89.165607,13.709047,0 -89.165607,13.709043,0 -89.165607,13.709038,0 -89.165607,13.709033,0 -89.165606,13.709028,0 -89.165605,13.709024,0 -89.165603,13.709019,0 -89.165601,13.709015,0 -89.165598,13.709011,0 -89.165596,13.709007,0 -89.165592,13.709004,0 -89.165379,13.708795,0 -89.165375,13.708792,0 -89.165371,13.708789,0 -89.165367,13.708787,0 -89.165362,13.708785,0 -89.165358,13.708783,0 -89.165353,13.708782,0 -89.165348,13.708781,0 -89.165344,13.708781,0 -89.164938,13.708781,0 -89.164937,13.708781,0 -89.164936,13.708780,0 -89.164547,13.708540,0 -89.164546,13.708539,0 -89.164546,13.708538,0 -89.164546,13.708402,0 -89.164546,13.708401,0 -89.164547,13.708400,0 -89.164687,13.708194,0 -89.164688,13.708193,0 -89.164689,13.708192,0 -89.165007,13.707882,0 -89.165008,13.707881,0 -89.165009,13.707881,0 -89.165062,13.707881,0 -89.165067,13.707881,0 -89.165072,13.707880,0 -89.165077,13.707879,0 -89.165081,13.707877,0 -89.165086,13.707875,0 -89.165090,13.707872,0 -89.165094,13.707869,0 -89.165577,13.707467,0 -89.165578,13.707466,0 -89.165579,13.707466,0 -89.165790,13.707397,0 -89.165791,13.707397,0 -89.165792,13.707398,0 -89.166204,13.707732,0 -89.166208,13.707735,0 -89.166212,13.707737,0 -89.166217,13.707739,0 -89.166221,13.707741,0 -89.166226,13.707742,0 -89.166231,13.707743,0 -89.166236,13.707743,0 -89.166360,13.707743,0 -89.166361,13.707743,0 -89.166362,13.707744,0 -89.166417,13.707798,0 -89.166421,13.707801,0 -89.166425,13.707804,0 -89.166429,13.707806,0 -89.166433,13.707808,0 -89.166438,13.707810,0 -89.166443,13.707811,0 -89.166447,13.707812,0 -89.166452,13.707812,0 -89.166644,13.707812,0 -89.166645,13.707812,0 -89.166646,13.707812,0 -89.166992,13.707948,0 -89.166997,13.707949,0 -89.167001,13.707950,0 -89.167006,13.707951,0 -89.167010,13.707951,0 -89.167626,13.707951,0 -89.167631,13.707951,0 -89.167636,13.707950,0 -89.167641,13.707949,0 -89.167646,13.707947,0 -89.167651,13.707945,0 -89.167655,13.707942,0 -89.167879,13.707785,0 -89.167883,13.707783,0 -89.167886,13.707779,0 -89.167889,13.707776,0 -89.167892,13.707772,0 -89.167895,13.707768,0 -89.167897,13.707763,0 -89.168032,13.707432,0 -89.168033,13.707431,0 -89.168034,13.707430,0 -89.168377,13.707030,0 -89.168380,13.707026,0 -89.168383,13.707022,0 -89.168385,13.707017,0 -89.168387,13.707012,0 -89.168388,13.707008,0 -89.168389,13.707003,0 -89.168389,13.706997,0 -89.168389,13.706878,0 -89.168389,13.706877,0 -89.168390,13.706876,0 -89.168531,13.706601,0 -89.168532,13.706600,0 -89.168533,13.706599,0 -89.168922,13.706359,0 -89.168923,13.706358,0 -89.168924,13.706358,0 -89.169269,13.706291,0 -89.169274,13.706290,0 -89.169279,13.706288,0 -89.169283,13.706286,0 -89.169287,13.706284,0 -89.169492,13.706151,0 -89.169493,13.706150,0 -89.169494,13.706150,0 -89.170132,13.706150,0 -89.170133,13.706150,0 -89.170134,13.706151,0 -89.170189,13.706206,0 -89.170193,13.706209,0 -89.170197,13.706212,0 -89.170201,13.706214,0 -89.170206,13.706216,0 -89.170210,13.706218,0 -89.170215,13.706219,0 -89.170220,13.706220,0 -89.170225,13.706220,0 -89.170702,13.706220,0 -89.170703,13.706220,0 -89.170704,13.706220,0 -89.170844,13.706289,0 -89.170845,13.706289,0 -89.170846,13.706290,0 -89.171093,13.706599,0 -89.171094,13.706600,0 -89.171094,13.706601,0 -89.171094,13.707549,0 -89.171094,13.707554,0 -89.171095,13.707559,0 -89.171096,13.707564,0 -89.171098,13.707568,0 -89.171100,13.707573,0 -89.171103,13.707577,0 -89.171106,13.707581,0 -89.171109,13.707585,0 -89.171164,13.707638,0 -89.171165,13.707639,0 -89.171165,13.707640,0 -89.171165,13.708114,0 -89.171165,13.708119,0 -89.171166,13.708124,0 -89.171167,13.708129,0 -89.171169,13.708133,0 -89.171304,13.708460,0 -89.171306,13.708465,0 -89.171309,13.708469,0 -89.171312,13.708473,0 -89.171315,13.708477,0 -89.171471,13.708629,0 -89.171475,13.708632,0 -89.171479,13.708635,0 -89.171483,13.708637,0 -89.171487,13.708639,0 -89.171492,13.708641,0 -89.171497,13.708642,0 -89.171501,13.708643,0 -89.171506,13.708643,0 -89.171627,13.708643,0 -89.171628,13.708643,0 -89.171629,13.708644,0 -89.171686,13.708699,0 -89.171690,13.708703,0 -89.171694,13.708706,0 -89.171698,13.708708,0 -89.171703,13.708710,0 -89.171707,13.708712,0 -89.171712,13.708713,0 -89.171717,13.708713,0 -89.172624,13.708781,0 -89.172625,13.708781,0 -89.172626,13.708782,0 -89.172681,13.708837,0 -89.172685,13.708840,0 -89.172689,13.708843,0 -89.172693,13.708845,0 -89.172698,13.708847,0 -89.172702,13.708849,0 -89.172707,13.708850,0 -89.172712,13.708851,0 -89.172717,13.708851,0 -89.172837,13.708851,0 -89.172838,13.708851,0 -89.172839,13.708852,0 -89.172910,13.708921,0 -89.172914,13.708924,0 -89.172918,13.708927,0 -89.172922,13.708930,0 -89.172926,13.708932,0 -89.172931,13.708933,0 -89.172935,13.708934,0 -89.172940,13.708935,0 -89.172945,13.708935,0 -89.172950,13.708935,0 -89.172955,13.708934,0 -89.172959,13.708933,0 -89.172964,13.708932,0 -89.172968,13.708930,0 -89.172972,13.708927,0 -89.172976,13.708924,0 -89.172980,13.708921,0 -89.173051,13.708852,0 -89.173052,13.708851,0 -89.173053,13.708851,0 -89.173620,13.708851,0 -89.173621,13.708851,0 -89.173622,13.708852,0 -89.173677,13.708906,0 -89.173681,13.708909,0 -89.173685,13.708912,0 -89.173689,13.708914,0 -89.173693,13.708916,0 -89.173698,13.708918,0 -89.173703,13.708919,0 -89.173707,13.708920,0 -89.173712,13.708920,0 -89.174384,13.708920,0 -89.174389,13.708920,0 -89.174393,13.708919,0 -89.174398,13.708918,0 -89.174403,13.708916,0 -89.174407,13.708914,0 -89.174411,13.708912,0 -89.174415,13.708909,0 -89.174419,13.708906,0 -89.174474,13.708852,0 -89.174475,13.708851,0 -89.174476,13.708851,0 -89.174810,13.708851,0 -89.174815,13.708851,0 -89.174820,13.708850,0 -89.174825,13.708849,0 -89.174829,13.708847,0 -89.174834,13.708845,0 -89.174838,13.708843,0 -89.174842,13.708840,0 -89.174846,13.708837,0 -89.174901,13.708782,0 -89.174902,13.708781,0 -89.174903,13.708781,0 -89.175105,13.708781,0 -89.175109,13.708781,0 -89.175114,13.708780,0 -89.175118,13.708779,0 -89.175122,13.708778,0 -89.175126,13.708776,0 -89.175400,13.708644,0 -89.175401,13.708643,0 -89.175402,13.708643,0 -89.175812,13.708577,0 -89.175817,13.708575,0 -89.175822,13.708574,0 -89.175827,13.708572,0 -89.175831,13.708569,0 -89.175835,13.708566,0 -89.175839,13.708563,0 -89.175898,13.708506,0 -89.175899,13.708505,0 -89.175900,13.708505,0 -89.176092,13.708505,0 -89.176097,13.708505,0 -89.176101,13.708504,0 -89.176106,13.708503,0 -89.176111,13.708501,0 -89.176115,13.708499,0 -89.176119,13.708497,0 -89.176123,13.708494,0 -89.176127,13.708491,0 -89.176183,13.708436,0 -89.176184,13.708435,0 -89.176185,13.708436,0 -89.176360,13.708677,0 -89.176361,13.708678,0 -89.176360,13.708679,0 -89.176305,13.708732,0 -89.176302,13.708736,0 -89.176299,13.708740,0 -89.176296,13.708744,0 -89.176294,13.708749,0 -89.176292,13.708753,0 -89.176291,13.708758,0 -89.176290,13.708763,0 -89.176290,13.708768,0 -89.176290,13.708884,0 -89.176290,13.708885,0 -89.176289,13.708886,0 -89.175829,13.709265,0 -89.175828,13.709266,0 -89.175827,13.709267,0 -89.175265,13.709539,0 -89.175261,13.709542,0 -89.175256,13.709545,0 -89.175252,13.709549,0 -89.174903,13.709888,0 -89.174902,13.709889,0 -89.174901,13.709889,0 -89.174780,13.709889,0 -89.174776,13.709889,0 -89.174771,13.709890,0 -89.174766,13.709891,0 -89.174762,13.709893,0 -89.174757,13.709895,0 -89.174753,13.709897,0 -89.174749,13.709900,0 -89.174745,13.709903,0 -89.174526,13.710117,0 -89.174523,13.710121,0 -89.174520,13.710125,0 -89.174517,13.710129,0 -89.174515,13.710134,0 -89.174513,13.710138,0 -89.174512,13.710143,0 -89.174511,13.710148,0 -89.174511,13.710153,0 -89.174511,13.710526,0 -89.174511,13.710531,0 -89.174512,13.710536,0 -89.174513,13.710541,0 -89.174515,13.710545,0 -89.174517,13.710550,0 -89.174520,13.710554,0 -89.174523,13.710558,0 -89.174526,13.710562,0 -89.174581,13.710615,0 -89.174582,13.710616,0 -89.174582,13.710617,0 -89.174582,13.710823,0 -89.174582,13.710824,0 -89.174581,13.710825,0 -89.174526,13.710878,0 -89.174523,13.710882,0 -89.174520,13.710886,0 -89.174517,13.710890,0 -89.174515,13.710895,0 -89.174513,13.710899,0 -89.174512,13.710904,0 -89.174511,13.710909,0 -89.174511,13.710914,0 -89.174511,13.711100,0 -89.174511,13.711101,0 -89.174510,13.711102,0 -89.174375,13.711299,0 -89.174372,13.711303,0 -89.174370,13.711307,0 -89.174369,13.711312,0 -89.174367,13.711316,0 -89.174366,13.711321,0 -89.174300,13.711838,0 -89.174300,13.711843,0 -89.174300,13.711848,0 -89.174301,13.711854,0 -89.174302,13.711859,0 -89.174303,13.711863,0 -89.174306,13.711868,0 -89.174308,13.711873,0 -89.174311,13.711877,0 -89.174315,13.711880,0 -89.174367,13.711931,0 -89.174368,13.711932,0 -89.174368,13.711933,0 -89.174368,13.712049,0 -89.174368,13.712054,0 -89.174369,13.712059,0 -89.174370,13.712064,0 -89.174372,13.712068,0 -89.174374,13.712073,0 -89.174377,13.712077,0 -89.174380,13.712081,0 -89.174383,13.712085,0 -89.174652,13.712346,0 -89.174653,13.712347,0 -89.174653,13.712348,0 -89.174724,13.712623,0 -89.174724,13.712624,0 -89.174723,13.712625,0 -89.174393,13.712818,0 -89.174389,13.712820,0 -89.174385,13.712823,0 -89.174382,13.712826,0 -89.174379,13.712830,0 -89.174376,13.712834,0 -89.174374,13.712838,0 -89.174372,13.712842,0 -89.174370,13.712847,0 -89.174369,13.712851,0 -89.174368,13.712856,0 -89.174368,13.712861,0 -89.174368,13.713296,0 -89.174368,13.713301,0 -89.174369,13.713306,0 -89.174370,13.713311,0 -89.174372,13.713315,0 -89.174374,13.713320,0 -89.174377,13.713324,0 -89.174380,13.713328,0 -89.174383,13.713332,0 -89.174439,13.713385,0 -89.174440,13.713386,0 -89.174440,13.713387,0 -89.174440,13.713662,0 -89.174440,13.713663,0 -89.174439,13.713664,0 -89.174312,13.713786,0 -89.174309,13.713790,0 -89.174306,13.713794,0 -89.174303,13.713798,0 -89.174301,13.713803,0 -89.174299,13.713807,0 -89.174298,13.713812,0 -89.174297,13.713817,0 -89.174297,13.713822,0 -89.174297,13.714060,0 -89.174297,13.714065,0 -89.174298,13.714070,0 -89.174299,13.714075,0 -89.174301,13.714079,0 -89.174303,13.714084,0 -89.174305,13.714088,0 -89.174308,13.714092,0 -89.174581,13.714424,0 -89.174582,13.714425,0 -89.174582,13.714426,0 -89.174582,13.714770,0 -89.174582,13.714771,0 -89.174581,13.714772,0 -89.174526,13.714825,0 -89.174523,13.714829,0 -89.174520,13.714833,0 -89.174517,13.714837,0 -89.174515,13.714842,0 -89.174513,13.714846,0 -89.174512,13.714851,0 -89.174511,13.714856,0 -89.174511,13.714861,0 -89.174511,13.714957,0 -89.174511,13.714962,0 -89.174512,13.714967,0 -89.174513,13.714972,0 -89.174515,13.714976,0 -89.174517,13.714981,0 -89.174520,13.714985,0 -89.174523,13.714989,0 -89.174526,13.714993,0 -89.174581,13.715047,0 -89.174582,13.715048,0 -89.174582,13.715049,0 -89.174582,13.715531,0 -89.174582,13.715532,0 -89.174581,13.715533,0 -89.174379,13.715664,0 -89.174375,13.715667,0 -89.174371,13.715670,0 -89.174368,13.715674,0 -89.174365,13.715678,0 -89.174362,13.715683,0 -89.174303,13.715798,0 -89.174301,13.715803,0 -89.174299,13.715807,0 -89.174298,13.715812,0 -89.174297,13.715816,0 -89.174297,13.715821,0 -89.174297,13.716016,0 -89.174297,13.716017,0 -89.174296,13.716018,0 -89.174192,13.716120,0 -89.174191,13.716121,0 -89.174190,13.716121,0 -89.174059,13.716121,0 -89.174055,13.716121,0 -89.174050,13.716122,0 -89.174046,13.716123,0 -89.174042,13.716124,0 -89.174038,13.716126,0 -89.173764,13.716259,0 -89.173763,13.716259,0 -89.173762,13.716259,0 -89.173144,13.716259,0 -89.173139,13.716259,0 -89.173134,13.716260,0 -89.173129,13.716261,0 -89.173125,13.716263,0 -89.173120,13.716265,0 -89.173116,13.716267,0 -89.173112,13.716270,0 -89.173108,13.716273,0 -89.173053,13.716328,0 -89.173052,13.716329,0 -89.173051,13.716329,0 -89.172787,13.716329,0 -89.172782,13.716329,0 -89.172778,13.716330,0 -89.172773,13.716331,0 -89.172768,13.716333,0 -89.172764,13.716335,0 -89.172760,13.716337,0 -89.172756,13.716340,0 -89.172752,13.716343,0 -89.172697,13.716397,0 -89.172696,13.716398,0 -89.172695,13.716398,0 -89.172554,13.716398,0 -89.172553,13.716398,0 -89.172553,13.716398,0 -89.172549,13.716395,0 -89.172544,13.716393,0 -89.172540,13.716391,0 -89.172535,13.716390,0 -89.172530,13.716389,0 -89.172526,13.716388,0 -89.172521,13.716388,0 -89.172516,13.716389,0 -89.172511,13.716389,0 -89.172507,13.716391,0 -89.172502,13.716393,0 -89.172498,13.716395,0 -89.172494,13.716397,0 -89.172490,13.716400,0 -89.172487,13.716404,0 -89.172484,13.716408,0 -89.172314,13.716626,0 -89.172312,13.716630,0 -89.172309,13.716634,0 -89.172307,13.716639,0 -89.172306,13.716643,0 -89.172305,13.716648,0 -89.172304,13.716652,0 -89.172304,13.716657,0 -89.172304,13.717104,0 -89.172304,13.717109,0 -89.172305,13.717114,0 -89.172306,13.717119,0 -89.172308,13.717123,0 -89.172310,13.717128,0 -89.172313,13.717132,0 -89.172316,13.717136,0 -89.172319,13.717140,0 -89.172588,13.717401,0 -89.172589,13.717402,0 -89.172589,13.717403,0 -89.172589,13.717516,0 -89.172589,13.717521,0 -89.172590,13.717526,0 -89.172591,13.717531,0 -89.172593,13.717535,0 -89.172595,13.717540,0 -89.172598,13.717544,0 -89.172600,13.717548,0 -89.172604,13.717552,0 -89.172607,13.717555,0 -89.173015,13.717886,0 -89.173016,13.717887,0 -89.173016,13.717888,0 -89.173016,13.718350,0 -89.173016,13.718355,0 -89.173017,13.718360,0 -89.173018,13.718365,0 -89.173020,13.718369,0 -89.173022,13.718374,0 -89.173025,13.718378,0 -89.173028,13.718382,0 -89.173031,13.718386,0 -89.173250,13.718600,0 -89.173254,13.718603,0 -89.173258,13.718606,0 -89.173262,13.718608,0 -89.173267,13.718610,0 -89.173271,13.718612,0 -89.173276,13.718613,0 -89.173281,13.718614,0 -89.173285,13.718614,0 -89.173407,13.718614,0 -89.173408,13.718614,0 -89.173409,13.718615,0 -89.173727,13.718924,0 -89.173728,13.718925,0 -89.173728,13.718926,0 -89.173728,13.719320,0 -89.173728,13.719325,0 -89.173729,13.719330,0 -89.173730,13.719335,0 -89.173732,13.719339,0 -89.173734,13.719344,0 -89.173737,13.719348,0 -89.173740,13.719352,0 -89.173743,13.719356,0 -89.174012,13.719617,0 -89.174013,13.719618,0 -89.174013,13.719619,0 -89.173941,13.719824,0 -89.173941,13.719825,0 -89.173940,13.719826,0 -89.173597,13.720227,0 -89.173594,13.720231,0 -89.173591,13.720235,0 -89.173589,13.720240,0 -89.173587,13.720245,0 -89.173586,13.720249,0 -89.173585,13.720254,0 -89.173585,13.720259,0 -89.173585,13.720448,0 -89.173585,13.720449,0 -89.173584,13.720450,0 -89.173449,13.720714,0 -89.173447,13.720719,0 -89.173445,13.720723,0 -89.173444,13.720728,0 -89.173443,13.720732,0 -89.173443,13.720737,0 -89.173443,13.720981,0 -89.173443,13.720986,0 -89.173444,13.720991,0 -89.173445,13.720996,0 -89.173447,13.721000,0 -89.173449,13.721005,0 -89.173452,13.721009,0 -89.173455,13.721013,0 -89.173458,13.721017,0 -89.173513,13.721071,0 -89.173514,13.721072,0 -89.173514,13.721073,0 -89.173583,13.721408,0 -89.173584,13.721413,0 -89.173586,13.721418,0 -89.173588,13.721422,0 -89.173591,13.721426,0 -89.173727,13.721625,0 -89.173728,13.721626,0 -89.173728,13.721627,0 -89.173797,13.722028,0 -89.173798,13.722033,0 -89.173800,13.722038,0 -89.173802,13.722043,0 -89.173804,13.722047,0 -89.173807,13.722051,0 -89.174083,13.722386,0 -89.174084,13.722387,0 -89.174084,13.722388,0 -89.174154,13.722999,0 -89.174155,13.723004,0 -89.174156,13.723010,0 -89.174158,13.723015,0 -89.174161,13.723019,0 -89.174367,13.723356,0 -89.174368,13.723357,0 -89.174368,13.723358,0 -89.174437,13.723756,0 -89.174438,13.723761,0 -89.174440,13.723766,0 -89.174442,13.723771,0 -89.174445,13.723775,0 -89.174448,13.723779,0 -89.174452,13.723783,0 -89.174723,13.724048,0 -89.174724,13.724049,0 -89.174724,13.724050,0 -89.174724,13.724256,0 -89.174724,13.724257,0 -89.174724,13.724259,0 -89.174723,13.724264,0 -89.174723,13.724269,0 -89.174724,13.724274,0 -89.174725,13.724278,0 -89.174726,13.724283,0 -89.174728,13.724288,0 -89.174731,13.724292,0 -89.174733,13.724296,0 -89.174737,13.724300,0 -89.174740,13.724304,0 -89.174744,13.724307,0 -89.174748,13.724309,0 -89.174753,13.724312,0 -89.174758,13.724314,0 -89.174901,13.724361,0 -89.174902,13.724361,0 -89.174903,13.724362,0 -89.175008,13.724463,0 -89.175009,13.724464,0 -89.175009,13.724465,0 -89.175009,13.724740,0 -89.175009,13.724741,0 -89.175008,13.724742,0 -89.174953,13.724796,0 -89.174950,13.724800,0 -89.174947,13.724804,0 -89.174944,13.724808,0 -89.174942,13.724813,0 -89.174940,13.724817,0 -89.174939,13.724822,0 -89.174938,13.724827,0 -89.174938,13.724832,0 -89.174938,13.726663,0 -89.174938,13.726668,0 -89.174939,13.726672,0 -89.174940,13.726677,0 -89.174941,13.726681,0 -89.174943,13.726686,0 -89.174946,13.726690,0 -89.174948,13.726693,0 -89.175150,13.726956,0 -89.175151,13.726957,0 -89.175150,13.726958,0 -89.175017,13.727088,0 -89.175014,13.727091,0 -89.175011,13.727095,0 -89.175009,13.727099,0 -89.175007,13.727103,0 -89.175005,13.727107,0 -89.174902,13.727406,0 -89.174902,13.727407,0 -89.174901,13.727408,0 -89.174761,13.727545,0 -89.174760,13.727546,0 -89.174759,13.727546,0 -89.174632,13.727546,0 -89.174626,13.727546,0 -89.174621,13.727547,0 -89.174616,13.727548,0 -89.174611,13.727550,0 -89.174606,13.727553,0 -89.174452,13.727643,0 -89.174449,13.727645,0 -89.174445,13.727648,0 -89.174441,13.727651,0 -89.174438,13.727655,0 -89.174436,13.727659,0 -89.174433,13.727663,0 -89.174374,13.727777,0 -89.174372,13.727781,0 -89.174370,13.727786,0 -89.174369,13.727791,0 -89.174368,13.727795,0 -89.174368,13.727800,0 -89.174368,13.728133,0 -89.174368,13.728134,0 -89.174367,13.728135,0 -89.174104,13.728327,0 -89.174101,13.728330,0 -89.174097,13.728333,0 -89.174094,13.728337,0 -89.174092,13.728341,0 -89.174089,13.728345,0 -89.174087,13.728349,0 -89.174086,13.728353,0 -89.174085,13.728358,0 -89.174084,13.728363,0 -89.174084,13.728367,0 -89.174084,13.728596,0 -89.174084,13.728601,0 -89.174085,13.728605,0 -89.174086,13.728610,0 -89.174088,13.728615,0 -89.174090,13.728619,0 -89.174092,13.728623,0 -89.174095,13.728627,0 -89.174098,13.728631,0 -89.174102,13.728634,0 -89.174652,13.729103,0 -89.174653,13.729104,0 -89.174653,13.729105,0 -89.174653,13.729310,0 -89.174653,13.729311,0 -89.174652,13.729312,0 -89.174386,13.729506,0 -89.174383,13.729509,0 -89.174379,13.729512,0 -89.174376,13.729516,0 -89.174373,13.729519,0 -89.174371,13.729523,0 -89.174369,13.729528,0 -89.174368,13.729532,0 -89.174367,13.729537,0 -89.174366,13.729541,0 -89.174299,13.730257,0 -89.174299,13.730262,0 -89.174299,13.730267,0 -89.174300,13.730272,0 -89.174301,13.730277,0 -89.174303,13.730281,0 -89.174305,13.730286,0 -89.174308,13.730290,0 -89.174311,13.730294,0 -89.174314,13.730298,0 -89.174677,13.730650,0 -89.174681,13.730653,0 -89.174686,13.730656,0 -89.174690,13.730659,0 -89.174695,13.730661,0 -89.174700,13.730662,0 -89.174705,13.730663,0 -89.175186,13.730731,0 -89.175187,13.730731,0 -89.175188,13.730732,0 -89.175608,13.731278,0 -89.175611,13.731281,0 -89.175615,13.731284,0 -89.175618,13.731287,0 -89.175622,13.731290,0 -89.176177,13.731627,0 -89.176182,13.731629,0 -89.176187,13.731631,0 -89.176192,13.731633,0 -89.176467,13.731700,0 -89.176468,13.731700,0 -89.176469,13.731701,0 -89.176930,13.732149,0 -89.176931,13.732150,0 -89.176930,13.732151,0 -89.176795,13.732416,0 -89.176793,13.732421,0 -89.176791,13.732425,0 -89.176790,13.732430,0 -89.176789,13.732434,0 -89.176789,13.732439,0 -89.176789,13.732703,0 -89.176789,13.732704,0 -89.176789,13.732705,0 -89.176650,13.733041,0 -89.176648,13.733045,0 -89.176647,13.733050,0 -89.176646,13.733055,0 -89.176646,13.733060,0 -89.176646,13.733257,0 -89.176646,13.733258,0 -89.176645,13.733259,0 -89.176588,13.733314,0 -89.176585,13.733318,0 -89.176582,13.733322,0 -89.176579,13.733326,0 -89.176577,13.733331,0 -89.176575,13.733335,0 -89.176574,13.733340,0 -89.176573,13.733345,0 -89.176504,13.734088,0 -89.176504,13.734089,0 -89.176503,13.734090,0 -89.176450,13.734141,0 -89.176447,13.734145,0 -89.176444,13.734149,0 -89.176441,13.734153,0 -89.176439,13.734158,0 -89.176437,13.734162,0 -89.176436,13.734167,0 -89.176435,13.734172,0 -89.176435,13.734177,0 -89.176435,13.734182,0 -89.176574,13.735666,0 -89.176574,13.735671,0 -89.176575,13.735675,0 -89.176577,13.735680,0 -89.176579,13.735685,0 -89.176582,13.735689,0 -89.176585,13.735693,0 -89.177143,13.736373,0 -89.177144,13.736374,0 -89.177144,13.736375,0 -89.177144,13.736422,0 -89.177144,13.736427,0 -89.177145,13.736432,0 -89.177146,13.736437,0 -89.177148,13.736441,0 -89.177150,13.736446,0 -89.177153,13.736450,0 -89.177156,13.736454,0 -89.177159,13.736458,0 -89.177428,13.736719,0 -89.177429,13.736720,0 -89.177430,13.736721,0 -89.177783,13.737408,0 -89.177785,13.737412,0 -89.177787,13.737415,0 -89.178140,13.737896,0 -89.178141,13.737897,0 -89.178141,13.737897,0 -89.178143,13.737902,0 -89.178145,13.737906,0 -89.178147,13.737910,0 -89.178150,13.737914,0 -89.178153,13.737918,0 -89.178156,13.737921,0 -89.178160,13.737924,0 -89.178164,13.737927,0 -89.178168,13.737929,0 -89.178173,13.737931,0 -89.178177,13.737932,0 -89.178177,13.737932,0 -89.178178,13.737933,0 -89.178496,13.738242,0 -89.178497,13.738243,0 -89.178497,13.738244,0 -89.178564,13.738440,0 -89.178566,13.738444,0 -89.178568,13.738448,0 -89.178571,13.738452,0 -89.178573,13.738456,0 -89.178577,13.738459,0 -89.178731,13.738610,0 -89.178735,13.738613,0 -89.178739,13.738616,0 -89.178743,13.738618,0 -89.178747,13.738620,0 -89.178752,13.738622,0 -89.178757,13.738623,0 -89.178761,13.738624,0 -89.178766,13.738624,0 -89.178959,13.738624,0 -89.178960,13.738624,0 -89.178961,13.738625,0 -89.179020,13.738683,0 -89.179024,13.738686,0 -89.179028,13.738689,0 -89.179032,13.738691,0 -89.179036,13.738693,0 -89.179041,13.738695,0 -89.179046,13.738696,0 -89.179386,13.738763,0 -89.179387,13.738763,0 -89.179388,13.738764,0 -89.179576,13.738886,0 -89.179581,13.738888,0 -89.179586,13.738890,0 -89.179590,13.738892,0 -89.179595,13.738893,0 -89.179600,13.738894,0 -89.179606,13.738894,0 -89.179611,13.738893,0 -89.179616,13.738892,0 -89.179621,13.738891,0 -89.179625,13.738889,0 -89.179742,13.738832,0 -89.179743,13.738832,0 -89.179744,13.738832,0 -89.180240,13.738832,0 -89.180241,13.738832,0 -89.180242,13.738833,0 -89.180560,13.739142,0 -89.180561,13.739143,0 -89.180562,13.739144,0 -89.180702,13.739350,0 -89.180703,13.739351,0 -89.180703,13.739352,0 -89.180703,13.739538,0 -89.180703,13.739543,0 -89.180704,13.739548,0 -89.180705,13.739553,0 -89.180707,13.739557,0 -89.180709,13.739562,0 -89.180712,13.739566,0 -89.180715,13.739570,0 -89.180718,13.739574,0 -89.180802,13.739655,0 -89.180805,13.739658,0 -89.180809,13.739661,0 -89.180813,13.739663,0 -89.180817,13.739665,0 -89.180821,13.739667,0 -89.181023,13.739732,0 -89.181024,13.739732,0 -89.181025,13.739733,0 -89.181201,13.739904,0 -89.181202,13.739905,0 -89.181202,13.739906,0 -89.181202,13.740804,0 -89.181202,13.740805,0 -89.181201,13.740806,0 -89.181157,13.740848,0 -89.181154,13.740852,0 -89.181151,13.740856,0 -89.181149,13.740860,0 -89.181146,13.740864,0 -89.181145,13.740869,0 -89.181143,13.740874,0 -89.181143,13.740878,0 -89.181142,13.740883,0 -89.181142,13.740888,0 -89.181143,13.740893,0 -89.181144,13.740898,0 -89.181146,13.740902,0 -89.181148,13.740907,0 -89.181201,13.741012,0 -89.181202,13.741013,0 -89.181202,13.741014,0 -89.181202,13.741136,0 -89.181202,13.741141,0 -89.181203,13.741146,0 -89.181204,13.741151,0 -89.181206,13.741155,0 -89.181208,13.741160,0 -89.181210,13.741164,0 -89.181213,13.741168,0 -89.181217,13.741171,0 -89.181220,13.741175,0 -89.181224,13.741178,0 -89.181228,13.741180,0 -89.181233,13.741182,0 -89.181237,13.741184,0 -89.181242,13.741185,0 -89.181247,13.741186,0 -89.181252,13.741186,0 -89.181379,13.741186,0 -89.181380,13.741186,0 -89.181381,13.741186,0 -89.182233,13.741601,0 -89.182234,13.741602,0 -89.182235,13.741603,0 -89.182411,13.741774,0 -89.182412,13.741775,0 -89.182412,13.741776,0 -89.182344,13.742308,0 -89.182343,13.742313,0 -89.182343,13.742318,0 -89.182344,13.742323,0 -89.182345,13.742328,0 -89.182347,13.742333,0 -89.182349,13.742337,0 -89.182351,13.742341,0 -89.182354,13.742346,0 -89.182575,13.742621,0 -89.182578,13.742625,0 -89.182582,13.742628,0 -89.182586,13.742631,0 -89.182590,13.742634,0 -89.182595,13.742636,0 -89.182599,13.742638,0 -89.182604,13.742639,0 -89.182609,13.742640,0 -89.182614,13.742640,0 -89.183066,13.742640,0 -89.183070,13.742640,0 -89.183075,13.742639,0 -89.183080,13.742638,0 -89.183084,13.742637,0 -89.183088,13.742635,0 -89.183092,13.742632,0 -89.183096,13.742630,0 -89.183100,13.742627,0 -89.183103,13.742623,0 -89.183585,13.742087,0 -89.183586,13.742086,0 -89.183587,13.742087,0 -89.183642,13.742141,0 -89.183646,13.742144,0 -89.183650,13.742147,0 -89.183654,13.742149,0 -89.183658,13.742151,0 -89.183663,13.742153,0 -89.183668,13.742154,0 -89.183672,13.742155,0 -89.183677,13.742155,0 -89.183870,13.742155,0 -89.183871,13.742155,0 -89.183872,13.742156,0 -89.184141,13.742352,0 -89.184145,13.742355,0 -89.184150,13.742357,0 -89.184154,13.742359,0 -89.184159,13.742360,0 -89.184164,13.742361,0 -89.184170,13.742362,0 -89.184175,13.742361,0 -89.184921,13.742296,0 -89.184926,13.742295,0 -89.184931,13.742294,0 -89.184935,13.742292,0 -89.184940,13.742290,0 -89.184944,13.742288,0 -89.184948,13.742285,0 -89.184952,13.742282,0 -89.185106,13.742132,0 -89.185109,13.742128,0 -89.185112,13.742124,0 -89.185115,13.742120,0 -89.185117,13.742115,0 -89.185119,13.742111,0 -89.185120,13.742106,0 -89.185188,13.741776,0 -89.185188,13.741775,0 -89.185189,13.741774,0 -89.185294,13.741672,0 -89.185295,13.741671,0 -89.185296,13.741671,0 -89.185507,13.741671,0 -89.185508,13.741671,0 -89.185509,13.741672,0 -89.185685,13.741843,0 -89.185686,13.741844,0 -89.185685,13.741845,0 -89.185621,13.741971,0 -89.185619,13.741976,0 -89.185617,13.741980,0 -89.185616,13.741985,0 -89.185615,13.741989,0 -89.185615,13.741994,0 -89.185615,13.742245,0 -89.185615,13.742249,0 -89.185616,13.742254,0 -89.185617,13.742258,0 -89.185618,13.742263,0 -89.185620,13.742267,0 -89.185622,13.742271,0 -89.185707,13.742408,0 -89.185710,13.742412,0 -89.185714,13.742416,0 -89.185717,13.742420,0 -89.185721,13.742423,0 -89.185726,13.742426,0 -89.185730,13.742428,0 -89.185735,13.742430,0 -89.185740,13.742431,0 -89.185745,13.742432,0 -89.185750,13.742432,0 -89.185863,13.742432,0 -89.185864,13.742432,0 -89.185865,13.742433,0 -89.186066,13.742563,0 -89.186070,13.742565,0 -89.186074,13.742567,0 -89.186079,13.742569,0 -89.186083,13.742570,0 -89.186088,13.742571,0 -89.186093,13.742571,0 -89.186504,13.742571,0 -89.186505,13.742571,0 -89.186506,13.742572,0 -89.187488,13.743254,0 -89.187492,13.743257,0 -89.187497,13.743259,0 -89.187502,13.743261,0 -89.187507,13.743262,0 -89.187512,13.743263,0 -89.187517,13.743263,0 -89.188212,13.743263,0 -89.188213,13.743263,0 -89.188214,13.743264,0 -89.188414,13.743394,0 -89.188418,13.743396,0 -89.188422,13.743398,0 -89.188427,13.743400,0 -89.188431,13.743401,0 -89.188436,13.743402,0 -89.188441,13.743402,0 -89.188568,13.743402,0 -89.188569,13.743402,0 -89.188570,13.743402,0 -89.188995,13.743609,0 -89.188996,13.743609,0 -89.188997,13.743610,0 -89.189742,13.744266,0 -89.189743,13.744267,0 -89.189743,13.744268,0 -89.189676,13.744657,0 -89.189676,13.744662,0 -89.189676,13.744667,0 -89.189676,13.744672,0 -89.189677,13.744676,0 -89.189678,13.744681,0 -89.189680,13.744686,0 -89.189682,13.744690,0 -89.189685,13.744694,0 -89.189688,13.744698,0 -89.189691,13.744701,0 -89.189742,13.744751,0 -89.189743,13.744752,0 -89.189743,13.744753,0 -89.189743,13.745077,0 -89.189743,13.745082,0 -89.189744,13.745087,0 -89.189745,13.745092,0 -89.189747,13.745096,0 -89.189749,13.745101,0 -89.189752,13.745105,0 -89.189755,13.745109,0 -89.189758,13.745113,0 -89.189813,13.745166,0 -89.189814,13.745167,0 -89.189814,13.745168,0 -89.189814,13.745305,0 -89.189814,13.745306,0 -89.189813,13.745307,0 -89.189709,13.745409,0 -89.189708,13.745410,0 -89.189707,13.745410,0 -89.189589,13.745410,0 -89.189584,13.745410,0 -89.189579,13.745411,0 -89.189574,13.745412,0 -89.189570,13.745414,0 -89.189565,13.745416,0 -89.189561,13.745419,0 -89.189557,13.745422,0 -89.189553,13.745425,0 -89.189550,13.745429,0 -89.189327,13.745707,0 -89.189324,13.745711,0 -89.189322,13.745715,0 -89.189320,13.745720,0 -89.189318,13.745724,0 -89.189317,13.745729,0 -89.189316,13.745734,0 -89.189316,13.745739,0 -89.189316,13.746808,0 -89.189316,13.746813,0 -89.189317,13.746818,0 -89.189318,13.746823,0 -89.189320,13.746827,0 -89.189322,13.746832,0 -89.189325,13.746836,0 -89.189328,13.746840,0 -89.189331,13.746844,0 -89.189479,13.746988,0 -89.189483,13.746991,0 -89.189487,13.746994,0 -89.189491,13.746996,0 -89.189495,13.746998,0 -89.189500,13.747000,0 -89.189505,13.747001,0 -89.189509,13.747002,0 -89.189514,13.747002,0 -89.190276,13.747002,0 -89.190277,13.747002,0 -89.190278,13.747003,0 -89.190333,13.747058,0 -89.190337,13.747061,0 -89.190341,13.747064,0 -89.190345,13.747066,0 -89.190350,13.747068,0 -89.190354,13.747070,0 -89.190359,13.747071,0 -89.190364,13.747072,0 -89.190369,13.747072,0 -89.191629,13.747072,0 -89.191630,13.747072,0 -89.191631,13.747073,0 -89.191735,13.747174,0 -89.191736,13.747175,0 -89.191736,13.747176,0 -89.191736,13.747867,0 -89.191736,13.747868,0</coordinates></LinearRing></outerBoundaryIs><innerBoundaryIs><LinearRing><coordinates>-89.170095,13.716431,0 -89.170099,13.716433,0 -89.170103,13.716436,0 -89.170108,13.716438,0 -89.170112,13.716439,0 -89.170117,13.716440,0 -89.170122,13.716441,0 -89.170127,13.716441,0 -89.170132,13.716441,0 -89.170136,13.716440,0 -89.170141,13.716439,0 -89.170146,13.716437,0 -89.170150,13.716435,0 -89.170154,13.716432,0 -89.170158,13.716429,0 -89.170162,13.716426,0 -89.170165,13.716422,0 -89.170168,13.716418,0 -89.170170,13.716414,0 -89.170172,13.716410,0 -89.170174,13.716405,0 -89.170175,13.716400,0 -89.170175,13.716395,0 -89.170176,13.716390,0 -89.170175,13.716386,0 -89.170174,13.716381,0 -89.170173,13.716376,0 -89.170172,13.716371,0 -89.170169,13.716367,0 -89.170167,13.716363,0 -89.170164,13.716359,0 -89.170161,13.716355,0 -89.170099,13.716295,0 -89.170098,13.716294,0 -89.170097,13.716293,0 -89.170094,13.716289,0 -89.170091,13.716286,0 -89.170087,13.716283,0 -89.170083,13.716280,0 -89.170078,13.716278,0 -89.170074,13.716276,0 -89.170069,13.716274,0 -89.170064,13.716274,0 -89.170059,13.716273,0 -89.170055,13.716273,0 -89.170050,13.716274,0 -89.170045,13.716275,0 -89.170040,13.716276,0 -89.170036,13.716278,0 -89.170031,13.716280,0 -89.170027,13.716283,0 -89.170024,13.716286,0 -89.170020,13.716290,0 -89.170017,13.716293,0 -89.170010,13.716303,0 -89.170007,13.716307,0 -89.170005,13.716311,0 -89.170003,13.716316,0 -89.170002,13.716320,0 -89.170001,13.716325,0 -89.170000,13.716330,0 -89.170000,13.716335,0 -89.170001,13.716339,0 -89.170002,13.716344,0 -89.170003,13.716349,0 -89.170005,13.716353,0 -89.170007,13.716358,0 -89.170010,13.716362,0 -89.170013,13.716365,0 -89.170016,13.716369,0 -89.170020,13.716372,0 -89.170095,13.716431,0</coordinates></LinearRing></innerBoundaryIs></Polygon></Placemark></Folder>
<Folder><name>Zonas</name>
<Placemark><name>Zona 1</name><description>Zona 1 · Ciudad Delgado · área aproximada 0.53 km²</description><ExtendedData><Data name="zona"><value>1</value></Data><Data name="area_km2"><value>0.530</value></Data></ExtendedData><styleUrl>#z1</styleUrl><Polygon><tessellate>1</tessellate><outerBoundaryIs><LinearRing><coordinates>-89.171770,13.716052,0 -89.172340,13.716190,0 -89.172518,13.716363,0 -89.172304,13.716640,0 -89.172304,13.717125,0 -89.172589,13.717402,0 -89.172589,13.717540,0 -89.173016,13.717887,0 -89.173016,13.718371,0 -89.173265,13.718614,0 -89.173408,13.718614,0 -89.173728,13.718925,0 -89.173728,13.719341,0 -89.174013,13.719618,0 -89.173941,13.719825,0 -89.173585,13.720241,0 -89.173585,13.720449,0 -89.173443,13.720725,0 -89.173443,13.721002,0 -89.173514,13.721072,0 -89.173585,13.721418,0 -89.173728,13.721626,0 -89.173799,13.722041,0 -89.174084,13.722387,0 -89.174155,13.723010,0 -89.174368,13.723357,0 -89.174440,13.723772,0 -89.174724,13.724049,0 -89.174724,13.724257,0 -89.174618,13.724361,0 -89.174119,13.724638,0 -89.173906,13.724638,0 -89.173728,13.724811,0 -89.173301,13.725642,0 -89.173443,13.726126,0 -89.173230,13.726403,0 -89.173230,13.726542,0 -89.173158,13.726611,0 -89.173158,13.727234,0 -89.172482,13.727823,0 -89.172269,13.727823,0 -89.172055,13.727615,0 -89.171699,13.727407,0 -89.170952,13.726680,0 -89.170952,13.726611,0 -89.170667,13.726334,0 -89.170667,13.725642,0 -89.170347,13.725261,0 -89.169279,13.725261,0 -89.169172,13.725157,0 -89.169172,13.724949,0 -89.169101,13.724880,0 -89.169101,13.724464,0 -89.169030,13.724395,0 -89.169030,13.723287,0 -89.168532,13.722733,0 -89.168389,13.722456,0 -89.168033,13.722180,0 -89.167962,13.722041,0 -89.168033,13.721626,0 -89.167962,13.721556,0 -89.167962,13.721279,0 -89.167891,13.721210,0 -89.167891,13.721002,0 -89.167998,13.720899,0 -89.169137,13.720691,0 -89.169279,13.720622,0 -89.169457,13.720379,0 -89.169599,13.719825,0 -89.169742,13.719548,0 -89.169742,13.719341,0 -89.169813,13.719271,0 -89.169813,13.719133,0 -89.170098,13.718441,0 -89.170098,13.718164,0 -89.170169,13.718094,0 -89.170169,13.717056,0 -89.170098,13.716986,0 -89.170098,13.716502,0 -89.170204,13.716398,0 -89.170774,13.716398,0 -89.170845,13.716467,0 -89.171343,13.716467,0 -89.171414,13.716536,0 -89.171592,13.716363,0 -89.171664,13.716156,0 -89.171770,13.716052,0</coordinates></LinearRing></outerBoundaryIs></Polygon></Placemark>
<Placemark><name>Zona 2</name><description>Zona 2 · Ciudad Delgado · área aproximada 1.29 km²</description><ExtendedData><Data name="zona"><value>2</value></Data><Data name="area_km2"><value>1.286</value></Data></ExtendedData><styleUrl>#z2</styleUrl><Polygon><tessellate>1</tessellate><outerBoundaryIs><LinearRing><coordinates>-89.161734,13.712728,0 -89.162019,13.712867,0 -89.162517,13.712867,0 -89.163015,13.713074,0 -89.163229,13.713074,0 -89.163300,13.713144,0 -89.163727,13.713144,0 -89.163798,13.713213,0 -89.164297,13.713144,0 -89.164368,13.713213,0 -89.164724,13.713213,0 -89.165151,13.713421,0 -89.165435,13.713351,0 -89.165720,13.713144,0 -89.166432,13.713144,0 -89.167001,13.713490,0 -89.167500,13.713490,0 -89.167571,13.713559,0 -89.167713,13.713559,0 -89.168781,13.714736,0 -89.169137,13.714736,0 -89.169528,13.715186,0 -89.169599,13.715325,0 -89.169599,13.715809,0 -89.169742,13.716156,0 -89.170098,13.716433,0 -89.170098,13.716986,0 -89.170169,13.717056,0 -89.170169,13.718094,0 -89.170098,13.718164,0 -89.170098,13.718441,0 -89.169813,13.719133,0 -89.169813,13.719271,0 -89.169742,13.719341,0 -89.169742,13.719548,0 -89.169599,13.719825,0 -89.169457,13.720379,0 -89.169279,13.720622,0 -89.169137,13.720691,0 -89.168923,13.720691,0 -89.168852,13.720760,0 -89.168211,13.720829,0 -89.168140,13.720899,0 -89.167998,13.720899,0 -89.167856,13.721037,0 -89.167428,13.721037,0 -89.167357,13.720968,0 -89.166717,13.721037,0 -89.166610,13.720933,0 -89.166610,13.720725,0 -89.166503,13.720622,0 -89.166147,13.720552,0 -89.166076,13.720483,0 -89.165862,13.720622,0 -89.165720,13.720483,0 -89.165507,13.720483,0 -89.165293,13.720760,0 -89.164439,13.720760,0 -89.164083,13.720552,0 -89.164047,13.720587,0 -89.164047,13.720864,0 -89.163905,13.721072,0 -89.163905,13.721764,0 -89.164047,13.721972,0 -89.164047,13.722318,0 -89.164119,13.722387,0 -89.164119,13.723634,0 -89.164047,13.723703,0 -89.164047,13.724187,0 -89.164261,13.724395,0 -89.164261,13.724672,0 -89.164332,13.724741,0 -89.164190,13.725018,0 -89.164190,13.725295,0 -89.164546,13.725988,0 -89.164546,13.726126,0 -89.164830,13.726611,0 -89.164830,13.726749,0 -89.165115,13.727165,0 -89.165186,13.727442,0 -89.165400,13.727719,0 -89.165044,13.728134,0 -89.165044,13.728480,0 -89.164617,13.729311,0 -89.164154,13.729761,0 -89.163869,13.729761,0 -89.163763,13.729865,0 -89.163763,13.730281,0 -89.164190,13.730558,0 -89.164261,13.730973,0 -89.164154,13.731077,0 -89.163371,13.731077,0 -89.163086,13.731423,0 -89.162731,13.731285,0 -89.162517,13.731285,0 -89.162090,13.731008,0 -89.161805,13.731008,0 -89.161698,13.730904,0 -89.161627,13.730627,0 -89.161770,13.730488,0 -89.161770,13.730281,0 -89.161627,13.730004,0 -89.161627,13.729796,0 -89.161485,13.729519,0 -89.160844,13.728965,0 -89.160560,13.728411,0 -89.160560,13.727857,0 -89.160773,13.727580,0 -89.160915,13.727234,0 -89.160915,13.726819,0 -89.160987,13.726749,0 -89.160987,13.726472,0 -89.161058,13.726403,0 -89.161058,13.726057,0 -89.160880,13.725884,0 -89.160453,13.725884,0 -89.160097,13.726022,0 -89.159919,13.725919,0 -89.159919,13.725226,0 -89.159990,13.725157,0 -89.159990,13.724880,0 -89.160061,13.724811,0 -89.159990,13.724741,0 -89.159990,13.724395,0 -89.159848,13.724118,0 -89.159848,13.723980,0 -89.159492,13.723357,0 -89.159492,13.723149,0 -89.159670,13.722976,0 -89.160097,13.722837,0 -89.160346,13.722526,0 -89.160346,13.722110,0 -89.159990,13.721695,0 -89.159990,13.720795,0 -89.159919,13.720725,0 -89.159919,13.720449,0 -89.160061,13.720241,0 -89.160133,13.719687,0 -89.160346,13.719202,0 -89.160346,13.718994,0 -89.160204,13.718717,0 -89.160595,13.718267,0 -89.160809,13.718198,0 -89.160987,13.718025,0 -89.160987,13.717679,0 -89.160844,13.717402,0 -89.160773,13.716848,0 -89.160560,13.716433,0 -89.160560,13.716017,0 -89.160915,13.715602,0 -89.160915,13.715325,0 -89.160844,13.715255,0 -89.160844,13.715117,0 -89.160488,13.714702,0 -89.160488,13.714425,0 -89.160702,13.714009,0 -89.160702,13.713871,0 -89.160915,13.713524,0 -89.160915,13.713386,0 -89.161307,13.713005,0 -89.161521,13.712936,0 -89.161734,13.712728,0</coordinates></LinearRing></outerBoundaryIs></Polygon></Placemark>
<Placemark><name>Zona 3</name><description>Zona 3 · Ciudad Delgado · área aproximada 2.39 km²</description><ExtendedData><Data name="zona"><value>3</value></Data><Data name="area_km2"><value>2.393</value></Data></ExtendedData><styleUrl>#z3</styleUrl><Polygon><tessellate>1</tessellate><outerBoundaryIs><LinearRing><coordinates>-89.169635,13.732462,0 -89.169777,13.732462,0 -89.170026,13.732704,0 -89.170098,13.732843,0 -89.170098,13.733189,0 -89.170276,13.733362,0 -89.170845,13.733708,0 -89.171059,13.733708,0 -89.171130,13.733777,0 -89.171414,13.733362,0 -89.171486,13.733293,0 -89.171628,13.733293,0 -89.171735,13.733396,0 -89.171664,13.734158,0 -89.171770,13.734262,0 -89.171913,13.734262,0 -89.172269,13.734470,0 -89.172625,13.734816,0 -89.172838,13.734885,0 -89.173016,13.735128,0 -89.173016,13.735404,0 -89.172874,13.735681,0 -89.172874,13.735958,0 -89.172945,13.736028,0 -89.172945,13.736235,0 -89.172874,13.736305,0 -89.172874,13.736928,0 -89.173016,13.737205,0 -89.172945,13.737274,0 -89.172874,13.737689,0 -89.172731,13.737897,0 -89.172731,13.738382,0 -89.172874,13.738590,0 -89.172874,13.738936,0 -89.172731,13.739143,0 -89.172731,13.739490,0 -89.172518,13.739836,0 -89.172553,13.740217,0 -89.172696,13.740286,0 -89.173052,13.740286,0 -89.173123,13.740217,0 -89.173265,13.740217,0 -89.173479,13.739940,0 -89.173977,13.739732,0 -89.174155,13.739559,0 -89.174155,13.739490,0 -89.174546,13.739178,0 -89.175045,13.738901,0 -89.175258,13.738901,0 -89.175472,13.738763,0 -89.175899,13.738763,0 -89.175970,13.738693,0 -89.176753,13.738693,0 -89.176824,13.738624,0 -89.176895,13.738693,0 -89.177394,13.738693,0 -89.177572,13.738590,0 -89.177572,13.738520,0 -89.178177,13.737932,0 -89.178497,13.738243,0 -89.178568,13.738451,0 -89.178746,13.738624,0 -89.178960,13.738624,0 -89.179031,13.738693,0 -89.179387,13.738763,0 -89.179600,13.738901,0 -89.179743,13.738832,0 -89.180241,13.738832,0 -89.180561,13.739143,0 -89.180703,13.739351,0 -89.180703,13.739559,0 -89.180810,13.739663,0 -89.181024,13.739732,0 -89.181202,13.739905,0 -89.181202,13.740805,0 -89.181131,13.740874,0 -89.181202,13.741013,0 -89.181202,13.741221,0 -89.181131,13.741290,0 -89.181131,13.741498,0 -89.180988,13.741705,0 -89.180810,13.741878,0 -89.180454,13.741948,0 -89.179031,13.743471,0 -89.178817,13.743540,0 -89.178390,13.743817,0 -89.178034,13.743886,0 -89.177821,13.744233,0 -89.177465,13.744233,0 -89.177287,13.744406,0 -89.177287,13.744683,0 -89.176967,13.745202,0 -89.176753,13.745202,0 -89.176326,13.744994,0 -89.175756,13.744925,0 -89.175507,13.745306,0 -89.175258,13.745548,0 -89.174902,13.745687,0 -89.174724,13.745929,0 -89.174724,13.746206,0 -89.175151,13.746552,0 -89.175151,13.746691,0 -89.174973,13.746795,0 -89.174760,13.746656,0 -89.174618,13.746656,0 -89.173479,13.747210,0 -89.171948,13.748837,0 -89.171948,13.748976,0 -89.171770,13.749218,0 -89.171699,13.749149,0 -89.171557,13.749149,0 -89.171414,13.749010,0 -89.171308,13.748906,0 -89.171237,13.748699,0 -89.170987,13.748456,0 -89.170845,13.748456,0 -89.170774,13.748387,0 -89.170703,13.748456,0 -89.170418,13.748456,0 -89.170062,13.748595,0 -89.169920,13.748595,0 -89.169849,13.748526,0 -89.169421,13.748595,0 -89.169244,13.748699,0 -89.169066,13.748941,0 -89.168994,13.748872,0 -89.168781,13.748872,0 -89.168567,13.748664,0 -89.167784,13.748664,0 -89.167500,13.748803,0 -89.167001,13.748872,0 -89.166717,13.749010,0 -89.166503,13.749010,0 -89.166432,13.749079,0 -89.166325,13.748976,0 -89.166325,13.748768,0 -89.166396,13.748699,0 -89.166468,13.748283,0 -89.166290,13.748041,0 -89.166147,13.747972,0 -89.165151,13.747972,0 -89.165080,13.748041,0 -89.164937,13.748041,0 -89.164866,13.747972,0 -89.164652,13.747972,0 -89.164474,13.747799,0 -89.164332,13.747314,0 -89.164261,13.747245,0 -89.164261,13.747106,0 -89.164190,13.747037,0 -89.164119,13.746621,0 -89.163620,13.745721,0 -89.163620,13.744683,0 -89.163691,13.744613,0 -89.163691,13.744198,0 -89.162090,13.742848,0 -89.161165,13.742779,0 -89.160880,13.743056,0 -89.160809,13.743056,0 -89.160631,13.742813,0 -89.160631,13.742121,0 -89.160702,13.742052,0 -89.160702,13.741705,0 -89.160844,13.741359,0 -89.160844,13.741082,0 -89.160915,13.741013,0 -89.160915,13.740598,0 -89.161414,13.739628,0 -89.161556,13.739490,0 -89.161698,13.738936,0 -89.161770,13.738866,0 -89.161770,13.738659,0 -89.161556,13.738382,0 -89.161556,13.738243,0 -89.161485,13.738174,0 -89.161414,13.737620,0 -89.161627,13.737135,0 -89.162197,13.736374,0 -89.162410,13.735820,0 -89.162695,13.735404,0 -89.163478,13.734851,0 -89.163549,13.734712,0 -89.163549,13.734366,0 -89.163656,13.734262,0 -89.163798,13.734193,0 -89.164225,13.734193,0 -89.164297,13.734124,0 -89.164439,13.734124,0 -89.165080,13.733708,0 -89.165293,13.733708,0 -89.165364,13.733639,0 -89.165542,13.733812,0 -89.165542,13.733950,0 -89.165649,13.734054,0 -89.165791,13.734054,0 -89.165862,13.733985,0 -89.166290,13.733985,0 -89.166717,13.733777,0 -89.166895,13.733950,0 -89.167001,13.734193,0 -89.167357,13.734124,0 -89.167500,13.734262,0 -89.167678,13.734089,0 -89.167962,13.733604,0 -89.168318,13.733327,0 -89.168389,13.733120,0 -89.168710,13.732669,0 -89.169493,13.732600,0 -89.169635,13.732462,0</coordinates></LinearRing></outerBoundaryIs></Polygon></Placemark>
<Placemark><name>Zona 4</name><description>Zona 4 · Ciudad Delgado · área aproximada 1.61 km²</description><ExtendedData><Data name="zona"><value>4</value></Data><Data name="area_km2"><value>1.613</value></Data></ExtendedData><styleUrl>#z4</styleUrl><Polygon><tessellate>1</tessellate><outerBoundaryIs><LinearRing><coordinates>-89.150416,13.717298,0 -89.151057,13.717298,0 -89.152552,13.717921,0 -89.153620,13.717921,0 -89.153691,13.717852,0 -89.153833,13.717852,0 -89.154047,13.718060,0 -89.154260,13.718060,0 -89.154474,13.717852,0 -89.154972,13.717921,0 -89.155043,13.717990,0 -89.155328,13.717783,0 -89.155470,13.717783,0 -89.155648,13.717956,0 -89.155791,13.718233,0 -89.155719,13.718371,0 -89.155719,13.718579,0 -89.155897,13.718752,0 -89.156111,13.718752,0 -89.156218,13.718856,0 -89.156218,13.718994,0 -89.156075,13.719202,0 -89.156004,13.719479,0 -89.155719,13.719756,0 -89.155719,13.720033,0 -89.156040,13.720414,0 -89.156253,13.720414,0 -89.156467,13.720206,0 -89.156680,13.720206,0 -89.157748,13.721245,0 -89.158033,13.721245,0 -89.158246,13.721037,0 -89.158460,13.721037,0 -89.159100,13.721660,0 -89.159314,13.721660,0 -89.159456,13.721591,0 -89.159634,13.721418,0 -89.159777,13.721141,0 -89.159777,13.720933,0 -89.159883,13.720829,0 -89.159990,13.720933,0 -89.159990,13.721695,0 -89.160346,13.722110,0 -89.160346,13.722526,0 -89.160097,13.722837,0 -89.159670,13.722976,0 -89.159492,13.723149,0 -89.159492,13.723357,0 -89.159848,13.723980,0 -89.159848,13.724118,0 -89.159990,13.724395,0 -89.159990,13.724741,0 -89.160061,13.724811,0 -89.159990,13.724880,0 -89.159990,13.725157,0 -89.159919,13.725226,0 -89.159919,13.725919,0 -89.160097,13.726022,0 -89.160453,13.725884,0 -89.160880,13.725884,0 -89.161058,13.726057,0 -89.161058,13.726403,0 -89.160987,13.726472,0 -89.160987,13.726749,0 -89.160915,13.726819,0 -89.160915,13.727234,0 -89.160773,13.727580,0 -89.160560,13.727857,0 -89.160560,13.728411,0 -89.160844,13.728965,0 -89.161485,13.729519,0 -89.161627,13.729796,0 -89.161627,13.730004,0 -89.161770,13.730281,0 -89.161770,13.730488,0 -89.161592,13.730661,0 -89.161307,13.730800,0 -89.160738,13.730869,0 -89.160453,13.731008,0 -89.160239,13.731008,0 -89.160168,13.731077,0 -89.159670,13.731146,0 -89.159599,13.731215,0 -89.159243,13.731215,0 -89.158922,13.730904,0 -89.158353,13.729727,0 -89.158246,13.729623,0 -89.157962,13.729623,0 -89.157748,13.729761,0 -89.157321,13.729831,0 -89.157250,13.729900,0 -89.155684,13.729900,0 -89.155577,13.729796,0 -89.155577,13.729658,0 -89.155506,13.729588,0 -89.155506,13.729381,0 -89.155435,13.729311,0 -89.155435,13.729104,0 -89.155363,13.729034,0 -89.155292,13.728619,0 -89.155079,13.728203,0 -89.154723,13.727996,0 -89.154723,13.727926,0 -89.155150,13.727442,0 -89.155150,13.727165,0 -89.155221,13.727096,0 -89.155150,13.726957,0 -89.155150,13.726680,0 -89.155008,13.726472,0 -89.154936,13.726195,0 -89.154723,13.725988,0 -89.154723,13.725919,0 -89.153833,13.725261,0 -89.153762,13.725261,0 -89.152410,13.726576,0 -89.148993,13.727199,0 -89.148779,13.727407,0 -89.148423,13.727615,0 -89.147961,13.728065,0 -89.147890,13.728273,0 -89.147569,13.728723,0 -89.147285,13.728723,0 -89.147213,13.728792,0 -89.146644,13.728792,0 -89.146466,13.728965,0 -89.146466,13.729519,0 -89.146359,13.729623,0 -89.145719,13.729207,0 -89.145042,13.728550,0 -89.145114,13.726819,0 -89.145185,13.726749,0 -89.145185,13.726403,0 -89.145256,13.726334,0 -89.145256,13.726057,0 -89.145327,13.725988,0 -89.145256,13.724949,0 -89.145327,13.724880,0 -89.145398,13.724257,0 -89.145469,13.724187,0 -89.145398,13.723772,0 -89.145042,13.723426,0 -89.145220,13.723253,0 -89.145932,13.723253,0 -89.147071,13.722630,0 -89.147498,13.722560,0 -89.147747,13.722318,0 -89.147747,13.722041,0 -89.147818,13.721972,0 -89.147747,13.721141,0 -89.147676,13.721072,0 -89.147676,13.720656,0 -89.147605,13.720587,0 -89.147605,13.720172,0 -89.147534,13.720102,0 -89.147534,13.719756,0 -89.147463,13.719687,0 -89.147463,13.719133,0 -89.147391,13.719064,0 -89.147391,13.718648,0 -89.147320,13.718579,0 -89.147249,13.717748,0 -89.147356,13.717644,0 -89.147996,13.717644,0 -89.148068,13.717575,0 -89.148423,13.717575,0 -89.148495,13.717506,0 -89.148922,13.717506,0 -89.148993,13.717437,0 -89.149420,13.717437,0 -89.149491,13.717367,0 -89.150345,13.717367,0 -89.150416,13.717298,0</coordinates></LinearRing></outerBoundaryIs></Polygon></Placemark>
<Placemark><name>Zona 5</name><description>Zona 5 · Ciudad Delgado · área aproximada 1.60 km²</description><ExtendedData><Data name="zona"><value>5</value></Data><Data name="area_km2"><value>1.597</value></Data></ExtendedData><styleUrl>#z5</styleUrl><Polygon><tessellate>1</tessellate><outerBoundaryIs><LinearRing><coordinates>-89.170774,13.748387,0 -89.170845,13.748456,0 -89.170987,13.748456,0 -89.171237,13.748699,0 -89.171308,13.748906,0 -89.171414,13.749010,0 -89.171557,13.749149,0 -89.171699,13.749149,0 -89.171806,13.749253,0 -89.171735,13.749391,0 -89.171735,13.749599,0 -89.171664,13.749668,0 -89.171735,13.750291,0 -89.171948,13.750637,0 -89.172233,13.750845,0 -89.172304,13.751399,0 -89.172518,13.751884,0 -89.172518,13.752438,0 -89.172375,13.752645,0 -89.172304,13.753407,0 -89.172091,13.753684,0 -89.172091,13.754030,0 -89.171806,13.754376,0 -89.171592,13.754930,0 -89.171308,13.755277,0 -89.171308,13.755761,0 -89.171094,13.756177,0 -89.171094,13.757423,0 -89.171023,13.757561,0 -89.171450,13.758185,0 -89.171450,13.758323,0 -89.171023,13.758808,0 -89.171023,13.759846,0 -89.170632,13.760296,0 -89.170418,13.760435,0 -89.169920,13.760573,0 -89.169671,13.760747,0 -89.169599,13.760885,0 -89.169599,13.761231,0 -89.169528,13.761300,0 -89.169528,13.761785,0 -89.169386,13.761993,0 -89.169386,13.762616,0 -89.169457,13.762685,0 -89.169457,13.763031,0 -89.169528,13.763101,0 -89.169528,13.763516,0 -89.169279,13.763828,0 -89.169066,13.763828,0 -89.168389,13.764209,0 -89.168461,13.764416,0 -89.168816,13.764693,0 -89.169101,13.765039,0 -89.169315,13.765386,0 -89.169315,13.765524,0 -89.168852,13.765836,0 -89.167428,13.766182,0 -89.166930,13.766459,0 -89.166788,13.766459,0 -89.166574,13.766597,0 -89.166218,13.766667,0 -89.166005,13.766805,0 -89.165649,13.766874,0 -89.165364,13.767013,0 -89.165080,13.766667,0 -89.165008,13.766667,0 -89.164830,13.766493,0 -89.164830,13.766424,0 -89.164439,13.766113,0 -89.164154,13.765974,0 -89.164012,13.765974,0 -89.163478,13.766493,0 -89.163264,13.766840,0 -89.163015,13.767082,0 -89.162659,13.767082,0 -89.162588,13.767013,0 -89.162446,13.767013,0 -89.162019,13.766736,0 -89.161307,13.766043,0 -89.160738,13.765974,0 -89.160382,13.765766,0 -89.160133,13.765455,0 -89.160133,13.765178,0 -89.160560,13.764555,0 -89.161414,13.763724,0 -89.161414,13.763308,0 -89.161485,13.763239,0 -89.161485,13.762962,0 -89.161414,13.762893,0 -89.161485,13.762824,0 -89.161414,13.762685,0 -89.161414,13.762408,0 -89.160987,13.761647,0 -89.160915,13.761300,0 -89.160702,13.760816,0 -89.160773,13.760539,0 -89.161129,13.760123,0 -89.161271,13.759846,0 -89.161271,13.759708,0 -89.161592,13.759396,0 -89.161876,13.759396,0 -89.162161,13.759535,0 -89.162339,13.759708,0 -89.162339,13.759846,0 -89.162588,13.760019,0 -89.163229,13.759950,0 -89.163656,13.759743,0 -89.164083,13.759396,0 -89.164581,13.759258,0 -89.164795,13.759119,0 -89.164973,13.758946,0 -89.165115,13.758669,0 -89.165115,13.757838,0 -89.165044,13.757769,0 -89.165044,13.757561,0 -89.164830,13.757146,0 -89.164759,13.756800,0 -89.164617,13.756592,0 -89.164617,13.756454,0 -89.164225,13.755934,0 -89.164083,13.755934,0 -89.163869,13.756142,0 -89.163798,13.756142,0 -89.163478,13.755761,0 -89.163264,13.755415,0 -89.163264,13.755277,0 -89.163122,13.755069,0 -89.163051,13.754723,0 -89.162980,13.754653,0 -89.163051,13.754238,0 -89.163478,13.753407,0 -89.163691,13.753130,0 -89.163763,13.752853,0 -89.163941,13.752680,0 -89.164439,13.752472,0 -89.164866,13.752195,0 -89.165222,13.752126,0 -89.165364,13.751988,0 -89.165507,13.751918,0 -89.165720,13.751918,0 -89.165827,13.751814,0 -89.165969,13.751538,0 -89.165969,13.751261,0 -89.166112,13.751053,0 -89.166112,13.750776,0 -89.166040,13.750707,0 -89.166040,13.749807,0 -89.166183,13.749530,0 -89.166183,13.749253,0 -89.166361,13.749079,0 -89.166503,13.749010,0 -89.166717,13.749010,0 -89.167001,13.748872,0 -89.167215,13.748872,0 -89.167286,13.748803,0 -89.167500,13.748803,0 -89.167784,13.748664,0 -89.168567,13.748664,0 -89.168781,13.748872,0 -89.168994,13.748872,0 -89.169066,13.748941,0 -89.169244,13.748699,0 -89.169421,13.748595,0 -89.169564,13.748595,0 -89.169635,13.748526,0 -89.170062,13.748595,0 -89.170418,13.748456,0 -89.170703,13.748456,0 -89.170774,13.748387,0</coordinates></LinearRing></outerBoundaryIs></Polygon></Placemark>
<Placemark><name>Zona 6</name><description>Zona 6 · Ciudad Delgado · área aproximada 0.64 km²</description><ExtendedData><Data name="zona"><value>6</value></Data><Data name="area_km2"><value>0.643</value></Data></ExtendedData><styleUrl>#z6</styleUrl><Polygon><tessellate>1</tessellate><outerBoundaryIs><LinearRing><coordinates>-89.169493,13.706150,0 -89.170133,13.706150,0 -89.170204,13.706220,0 -89.170703,13.706220,0 -89.170845,13.706289,0 -89.171094,13.706600,0 -89.171094,13.707570,0 -89.171165,13.707639,0 -89.171165,13.708124,0 -89.171308,13.708470,0 -89.171486,13.708643,0 -89.171628,13.708643,0 -89.171699,13.708712,0 -89.172625,13.708781,0 -89.172696,13.708851,0 -89.172838,13.708851,0 -89.172945,13.708955,0 -89.172375,13.710062,0 -89.172375,13.710201,0 -89.172162,13.710616,0 -89.172162,13.710755,0 -89.171664,13.711724,0 -89.171094,13.712555,0 -89.170738,13.713247,0 -89.170738,13.713455,0 -89.170667,13.713524,0 -89.170667,13.714009,0 -89.170525,13.714286,0 -89.170525,13.714494,0 -89.170382,13.714840,0 -89.170382,13.715117,0 -89.170240,13.715463,0 -89.170240,13.715740,0 -89.170169,13.715809,0 -89.170169,13.716086,0 -89.169991,13.716329,0 -89.169920,13.716329,0 -89.169742,13.716156,0 -89.169671,13.716017,0 -89.169671,13.715879,0 -89.169599,13.715809,0 -89.169599,13.715325,0 -89.169315,13.714978,0 -89.169244,13.714771,0 -89.168781,13.714736,0 -89.167713,13.713559,0 -89.167571,13.713559,0 -89.167500,13.713490,0 -89.167001,13.713490,0 -89.166432,13.713144,0 -89.165720,13.713144,0 -89.165435,13.713351,0 -89.165151,13.713421,0 -89.164724,13.713213,0 -89.164368,13.713213,0 -89.164297,13.713144,0 -89.164012,13.713144,0 -89.163941,13.713213,0 -89.163798,13.713213,0 -89.163727,13.713144,0 -89.163300,13.713144,0 -89.163229,13.713074,0 -89.163015,13.713074,0 -89.162517,13.712867,0 -89.162019,13.712867,0 -89.161770,13.712694,0 -89.161983,13.712209,0 -89.162161,13.712036,0 -89.162517,13.711897,0 -89.162624,13.711793,0 -89.162980,13.711032,0 -89.163300,13.710720,0 -89.163514,13.710651,0 -89.164297,13.709751,0 -89.164439,13.709682,0 -89.164652,13.709682,0 -89.164724,13.709612,0 -89.164937,13.709612,0 -89.165293,13.709405,0 -89.165435,13.709405,0 -89.165542,13.709301,0 -89.165613,13.709024,0 -89.165364,13.708781,0 -89.164937,13.708781,0 -89.164546,13.708539,0 -89.164546,13.708401,0 -89.164688,13.708193,0 -89.165008,13.707881,0 -89.165080,13.707881,0 -89.165578,13.707466,0 -89.165791,13.707397,0 -89.166218,13.707743,0 -89.166361,13.707743,0 -89.166432,13.707812,0 -89.166645,13.707812,0 -89.167001,13.707951,0 -89.167642,13.707951,0 -89.167891,13.707777,0 -89.168033,13.707431,0 -89.168389,13.707016,0 -89.168389,13.706877,0 -89.168532,13.706600,0 -89.168923,13.706358,0 -89.169279,13.706289,0 -89.169493,13.706150,0</coordinates></LinearRing></outerBoundaryIs></Polygon></Placemark>
<Placemark><name>Zona 7</name><description>Zona 7 · Ciudad Delgado · área aproximada 0.61 km²</description><ExtendedData><Data name="zona"><value>7</value></Data><Data name="area_km2"><value>0.613</value></Data></ExtendedData><styleUrl>#z7</styleUrl><Polygon><tessellate>1</tessellate><outerBoundaryIs><LinearRing><coordinates>-89.165507,13.720483,0 -89.165720,13.720483,0 -89.165862,13.720622,0 -89.166076,13.720483,0 -89.166147,13.720552,0 -89.166503,13.720622,0 -89.166610,13.720725,0 -89.166610,13.720933,0 -89.166717,13.721037,0 -89.167357,13.720968,0 -89.167428,13.721037,0 -89.167784,13.721037,0 -89.167891,13.721141,0 -89.167962,13.721279,0 -89.167962,13.721556,0 -89.168033,13.721626,0 -89.168033,13.721764,0 -89.167962,13.721833,0 -89.167962,13.722041,0 -89.168033,13.722180,0 -89.168389,13.722456,0 -89.168532,13.722733,0 -89.169030,13.723287,0 -89.169030,13.724395,0 -89.169101,13.724464,0 -89.169172,13.725226,0 -89.169066,13.725330,0 -89.168852,13.725330,0 -89.168781,13.725261,0 -89.168710,13.725330,0 -89.168354,13.725330,0 -89.168283,13.725399,0 -89.168069,13.725330,0 -89.167962,13.725434,0 -89.167820,13.726057,0 -89.167535,13.726472,0 -89.167464,13.726680,0 -89.167322,13.726819,0 -89.167250,13.727234,0 -89.167179,13.727303,0 -89.167179,13.727511,0 -89.167108,13.727580,0 -89.167108,13.727857,0 -89.167037,13.727926,0 -89.166966,13.728827,0 -89.166895,13.728896,0 -89.166895,13.730073,0 -89.167108,13.730350,0 -89.167179,13.730488,0 -89.167179,13.730696,0 -89.167250,13.730765,0 -89.167250,13.731665,0 -89.167322,13.731735,0 -89.167322,13.732358,0 -89.167250,13.732427,0 -89.167250,13.732773,0 -89.167179,13.732843,0 -89.167179,13.733466,0 -89.167250,13.733535,0 -89.167393,13.734020,0 -89.167286,13.734124,0 -89.167073,13.734193,0 -89.166895,13.734020,0 -89.166895,13.733881,0 -89.166717,13.733777,0 -89.166290,13.733985,0 -89.165862,13.733985,0 -89.165791,13.734054,0 -89.165649,13.734054,0 -89.165542,13.733950,0 -89.165471,13.733673,0 -89.165364,13.733639,0 -89.165293,13.733708,0 -89.165080,13.733708,0 -89.164439,13.734124,0 -89.164297,13.734124,0 -89.164225,13.734193,0 -89.163798,13.734193,0 -89.163514,13.734331,0 -89.162909,13.733812,0 -89.162588,13.733431,0 -89.162161,13.733293,0 -89.161770,13.732843,0 -89.161698,13.732704,0 -89.161698,13.732289,0 -89.161770,13.732150,0 -89.161592,13.731908,0 -89.161449,13.731908,0 -89.161343,13.731804,0 -89.161343,13.730835,0 -89.161521,13.730661,0 -89.161805,13.731008,0 -89.162090,13.731008,0 -89.162517,13.731285,0 -89.162731,13.731285,0 -89.163086,13.731423,0 -89.163371,13.731077,0 -89.164332,13.731042,0 -89.164190,13.730696,0 -89.164190,13.730488,0 -89.163869,13.730385,0 -89.163763,13.730281,0 -89.163763,13.729865,0 -89.163869,13.729761,0 -89.164154,13.729761,0 -89.164546,13.729450,0 -89.165044,13.728480,0 -89.165044,13.728134,0 -89.165400,13.727719,0 -89.165115,13.727303,0 -89.165044,13.726957,0 -89.164830,13.726749,0 -89.164830,13.726611,0 -89.164546,13.726126,0 -89.164546,13.725988,0 -89.164190,13.725295,0 -89.164190,13.725018,0 -89.164332,13.724741,0 -89.164261,13.724672,0 -89.164261,13.724395,0 -89.164047,13.724187,0 -89.164047,13.723703,0 -89.164119,13.723634,0 -89.164119,13.722387,0 -89.164047,13.722318,0 -89.164047,13.721972,0 -89.163905,13.721764,0 -89.163905,13.721072,0 -89.164047,13.720864,0 -89.164047,13.720725,0 -89.164154,13.720622,0 -89.164439,13.720760,0 -89.165293,13.720760,0 -89.165507,13.720483,0</coordinates></LinearRing></outerBoundaryIs></Polygon></Placemark>
<Placemark><name>Zona 8</name><description>Zona 8 · Ciudad Delgado · área aproximada 1.02 km²</description><ExtendedData><Data name="zona"><value>8</value></Data><Data name="area_km2"><value>1.022</value></Data></ExtendedData><styleUrl>#z8</styleUrl><Polygon><tessellate>1</tessellate><outerBoundaryIs><LinearRing><coordinates>-89.174689,13.724291,0 -89.174902,13.724361,0 -89.175009,13.724464,0 -89.175009,13.724741,0 -89.174938,13.724811,0 -89.174938,13.726680,0 -89.175151,13.726957,0 -89.175009,13.727096,0 -89.174902,13.727407,0 -89.174760,13.727546,0 -89.174618,13.727546,0 -89.174440,13.727650,0 -89.174368,13.727788,0 -89.174368,13.728134,0 -89.174084,13.728342,0 -89.174084,13.728619,0 -89.174653,13.729104,0 -89.174653,13.729311,0 -89.174368,13.729519,0 -89.174297,13.730281,0 -89.174689,13.730661,0 -89.175187,13.730731,0 -89.175614,13.731285,0 -89.176184,13.731631,0 -89.176468,13.731700,0 -89.176931,13.732150,0 -89.176789,13.732427,0 -89.176789,13.732704,0 -89.176646,13.733050,0 -89.176646,13.733258,0 -89.176575,13.733327,0 -89.176504,13.734089,0 -89.176433,13.734158,0 -89.176575,13.735681,0 -89.177144,13.736374,0 -89.177144,13.736443,0 -89.177429,13.736720,0 -89.177785,13.737412,0 -89.178141,13.737897,0 -89.178070,13.738036,0 -89.177394,13.738693,0 -89.176895,13.738693,0 -89.176824,13.738624,0 -89.176753,13.738693,0 -89.175970,13.738693,0 -89.175899,13.738763,0 -89.175472,13.738763,0 -89.175258,13.738901,0 -89.175045,13.738901,0 -89.174262,13.739386,0 -89.173977,13.739732,0 -89.173479,13.739940,0 -89.173265,13.740217,0 -89.173123,13.740217,0 -89.173052,13.740286,0 -89.172696,13.740286,0 -89.172518,13.740113,0 -89.172518,13.739836,0 -89.172731,13.739490,0 -89.172731,13.739143,0 -89.172874,13.738936,0 -89.172874,13.738590,0 -89.172731,13.738382,0 -89.172731,13.737897,0 -89.172874,13.737689,0 -89.172945,13.737274,0 -89.173016,13.737205,0 -89.172874,13.736928,0 -89.172874,13.736305,0 -89.172945,13.736235,0 -89.172874,13.735681,0 -89.173016,13.735404,0 -89.173016,13.735128,0 -89.172838,13.734885,0 -89.172625,13.734816,0 -89.172269,13.734470,0 -89.171913,13.734262,0 -89.171770,13.734262,0 -89.171664,13.734158,0 -89.171664,13.733881,0 -89.171735,13.733812,0 -89.171699,13.733293,0 -89.171486,13.733293,0 -89.171308,13.733466,0 -89.171237,13.733673,0 -89.171130,13.733777,0 -89.171059,13.733708,0 -89.170845,13.733708,0 -89.170276,13.733362,0 -89.170098,13.733189,0 -89.170098,13.732843,0 -89.169849,13.732462,0 -89.169635,13.732462,0 -89.169493,13.732600,0 -89.168710,13.732669,0 -89.168389,13.733120,0 -89.168318,13.733327,0 -89.167962,13.733604,0 -89.167678,13.734089,0 -89.167500,13.734262,0 -89.167393,13.734158,0 -89.167393,13.733950,0 -89.167179,13.733466,0 -89.167179,13.732843,0 -89.167250,13.732773,0 -89.167250,13.732427,0 -89.167322,13.732358,0 -89.167322,13.731735,0 -89.167250,13.731665,0 -89.167250,13.730765,0 -89.167179,13.730696,0 -89.167179,13.730488,0 -89.167108,13.730350,0 -89.166895,13.730073,0 -89.166895,13.728896,0 -89.166966,13.728827,0 -89.166966,13.728342,0 -89.167037,13.728273,0 -89.167037,13.727926,0 -89.167108,13.727857,0 -89.167108,13.727580,0 -89.167250,13.727234,0 -89.167250,13.727026,0 -89.167322,13.726957,0 -89.167322,13.726819,0 -89.167464,13.726680,0 -89.167535,13.726472,0 -89.167820,13.726057,0 -89.167891,13.725642,0 -89.167962,13.725572,0 -89.167962,13.725434,0 -89.168069,13.725330,0 -89.168283,13.725399,0 -89.168354,13.725330,0 -89.168710,13.725330,0 -89.168781,13.725261,0 -89.168852,13.725330,0 -89.169066,13.725330,0 -89.169137,13.725261,0 -89.170347,13.725261,0 -89.170667,13.725642,0 -89.170667,13.726334,0 -89.170952,13.726611,0 -89.170952,13.726680,0 -89.171699,13.727407,0 -89.172055,13.727615,0 -89.172269,13.727823,0 -89.172482,13.727823,0 -89.173158,13.727234,0 -89.173158,13.726611,0 -89.173230,13.726542,0 -89.173230,13.726403,0 -89.173443,13.726126,0 -89.173301,13.725642,0 -89.173728,13.724811,0 -89.173906,13.724638,0 -89.174119,13.724638,0 -89.174689,13.724291,0</coordinates></LinearRing></outerBoundaryIs></Polygon></Placemark>
<Placemark><name>Zona 9</name><description>Zona 9 · Ciudad Delgado · área aproximada 1.05 km²</description><ExtendedData><Data name="zona"><value>9</value></Data><Data name="area_km2"><value>1.050</value></Data></ExtendedData><styleUrl>#z9</styleUrl><Polygon><tessellate>1</tessellate><outerBoundaryIs><LinearRing><coordinates>-89.169350,13.765490,0 -89.169813,13.766078,0 -89.169813,13.766217,0 -89.169884,13.766286,0 -89.169884,13.766701,0 -89.169813,13.766770,0 -89.169813,13.766909,0 -89.169386,13.767463,0 -89.169386,13.767878,0 -89.169457,13.767948,0 -89.169457,13.768155,0 -89.169742,13.768432,0 -89.169742,13.768501,0 -89.170026,13.768709,0 -89.170026,13.768848,0 -89.170169,13.768986,0 -89.170382,13.769402,0 -89.170311,13.769471,0 -89.170311,13.769609,0 -89.169813,13.770094,0 -89.169884,13.770509,0 -89.170133,13.770752,0 -89.170347,13.770821,0 -89.170454,13.770925,0 -89.170382,13.771894,0 -89.170240,13.772240,0 -89.169884,13.772725,0 -89.169884,13.772864,0 -89.169813,13.772933,0 -89.169813,13.773210,0 -89.169955,13.773487,0 -89.170204,13.773660,0 -89.170632,13.773729,0 -89.170703,13.773798,0 -89.170916,13.773798,0 -89.171414,13.774006,0 -89.171913,13.774075,0 -89.172233,13.774318,0 -89.172304,13.774664,0 -89.172660,13.775149,0 -89.172874,13.775772,0 -89.173585,13.776395,0 -89.173585,13.776533,0 -89.173728,13.776741,0 -89.173870,13.777226,0 -89.174582,13.778126,0 -89.174724,13.778680,0 -89.175151,13.779303,0 -89.175365,13.780411,0 -89.175579,13.780826,0 -89.175579,13.781172,0 -89.175472,13.781276,0 -89.174831,13.781346,0 -89.174475,13.781623,0 -89.174262,13.781623,0 -89.173977,13.781415,0 -89.173692,13.781415,0 -89.173550,13.781484,0 -89.173087,13.781934,0 -89.173087,13.782003,0 -89.172803,13.782280,0 -89.172731,13.782488,0 -89.172553,13.782661,0 -89.172375,13.782488,0 -89.172304,13.782211,0 -89.171486,13.780584,0 -89.171308,13.780688,0 -89.171308,13.781103,0 -89.171237,13.781172,0 -89.171237,13.781311,0 -89.170987,13.781553,0 -89.170560,13.781830,0 -89.170276,13.781830,0 -89.170169,13.781726,0 -89.170169,13.781103,0 -89.170240,13.781034,0 -89.170240,13.780688,0 -89.169955,13.780203,0 -89.169599,13.779788,0 -89.169599,13.779580,0 -89.169528,13.779511,0 -89.169528,13.778818,0 -89.169457,13.778749,0 -89.169457,13.778057,0 -89.168816,13.777434,0 -89.168816,13.777295,0 -89.169101,13.777018,0 -89.169066,13.776776,0 -89.168923,13.776706,0 -89.168283,13.776706,0 -89.167927,13.776499,0 -89.167784,13.776499,0 -89.167357,13.776153,0 -89.167215,13.776083,0 -89.167001,13.776083,0 -89.166681,13.776603,0 -89.166432,13.776845,0 -89.166290,13.776845,0 -89.165542,13.776256,0 -89.164688,13.775287,0 -89.164617,13.773764,0 -89.164688,13.773695,0 -89.164688,13.773556,0 -89.164830,13.773418,0 -89.164830,13.773141,0 -89.164688,13.772864,0 -89.164688,13.772725,0 -89.164866,13.772552,0 -89.165435,13.772552,0 -89.165578,13.772483,0 -89.165827,13.772240,0 -89.165898,13.771963,0 -89.165222,13.771236,0 -89.164083,13.771236,0 -89.163976,13.771133,0 -89.163976,13.770509,0 -89.163905,13.770440,0 -89.163905,13.770025,0 -89.163834,13.769956,0 -89.163834,13.769263,0 -89.163941,13.769159,0 -89.164154,13.769090,0 -89.164332,13.768848,0 -89.164332,13.768709,0 -89.164190,13.768571,0 -89.164119,13.768294,0 -89.164546,13.767809,0 -89.164546,13.767740,0 -89.165293,13.767013,0 -89.166005,13.766805,0 -89.166218,13.766667,0 -89.166574,13.766597,0 -89.166788,13.766459,0 -89.166930,13.766459,0 -89.167428,13.766182,0 -89.168852,13.765836,0 -89.169350,13.765490,0</coordinates></LinearRing></outerBoundaryIs></Polygon></Placemark>
<Placemark><name>Zona 10</name><description>Zona 10 · Ciudad Delgado · área aproximada 2.73 km²</description><ExtendedData><Data name="zona"><value>10</value></Data><Data name="area_km2"><value>2.727</value></Data></ExtendedData><styleUrl>#z10</styleUrl><Polygon><tessellate>1</tessellate><outerBoundaryIs><LinearRing><coordinates>-89.153762,13.725261,0 -89.154616,13.725815,0 -89.155008,13.726334,0 -89.155008,13.726472,0 -89.155150,13.726680,0 -89.155150,13.726957,0 -89.155221,13.727096,0 -89.155150,13.727165,0 -89.155150,13.727442,0 -89.155079,13.727580,0 -89.154723,13.727926,0 -89.154723,13.727996,0 -89.155079,13.728203,0 -89.155292,13.728619,0 -89.155363,13.729034,0 -89.155435,13.729104,0 -89.155435,13.729311,0 -89.155506,13.729381,0 -89.155506,13.729588,0 -89.155577,13.729658,0 -89.155577,13.729796,0 -89.155684,13.729900,0 -89.157250,13.729900,0 -89.157321,13.729831,0 -89.157748,13.729761,0 -89.157962,13.729623,0 -89.158246,13.729623,0 -89.158353,13.729727,0 -89.158994,13.731042,0 -89.159243,13.731215,0 -89.159599,13.731215,0 -89.159670,13.731146,0 -89.160168,13.731077,0 -89.160239,13.731008,0 -89.160453,13.731008,0 -89.160738,13.730869,0 -89.161236,13.730800,0 -89.161343,13.730904,0 -89.161343,13.731804,0 -89.161449,13.731908,0 -89.161592,13.731908,0 -89.161770,13.732150,0 -89.161698,13.732289,0 -89.161698,13.732704,0 -89.161770,13.732843,0 -89.162161,13.733293,0 -89.162588,13.733431,0 -89.162909,13.733812,0 -89.163549,13.734366,0 -89.163549,13.734712,0 -89.163478,13.734851,0 -89.162695,13.735404,0 -89.162410,13.735820,0 -89.162197,13.736374,0 -89.161485,13.737412,0 -89.161485,13.737551,0 -89.161414,13.737620,0 -89.161414,13.737897,0 -89.161485,13.737966,0 -89.161556,13.738382,0 -89.161770,13.738659,0 -89.161770,13.738866,0 -89.161698,13.738936,0 -89.161556,13.739490,0 -89.161414,13.739628,0 -89.161200,13.740113,0 -89.160987,13.740390,0 -89.160773,13.741636,0 -89.160666,13.741740,0 -89.160310,13.741740,0 -89.160239,13.741809,0 -89.159955,13.741809,0 -89.159883,13.741878,0 -89.159812,13.741809,0 -89.159456,13.741809,0 -89.159385,13.741740,0 -89.159100,13.741740,0 -89.159029,13.741671,0 -89.158816,13.741740,0 -89.158745,13.741671,0 -89.157463,13.741671,0 -89.157392,13.741602,0 -89.156823,13.741602,0 -89.156574,13.741913,0 -89.156467,13.741948,0 -89.156111,13.742294,0 -89.155684,13.741809,0 -89.155470,13.741809,0 -89.155399,13.741740,0 -89.153762,13.741740,0 -89.153691,13.741809,0 -89.153264,13.741809,0 -89.153192,13.741878,0 -89.153121,13.741809,0 -89.152908,13.741809,0 -89.152694,13.741948,0 -89.152481,13.741948,0 -89.152410,13.742017,0 -89.151271,13.742017,0 -89.150844,13.742225,0 -89.150488,13.742294,0 -89.150274,13.742432,0 -89.149847,13.742432,0 -89.149562,13.742294,0 -89.149206,13.742294,0 -89.149135,13.742225,0 -89.148566,13.742225,0 -89.146929,13.743056,0 -89.146644,13.743056,0 -89.146573,13.742986,0 -89.146359,13.742986,0 -89.146075,13.742848,0 -89.145861,13.742848,0 -89.145754,13.742744,0 -89.145754,13.742536,0 -89.145541,13.742329,0 -89.145541,13.742121,0 -89.145754,13.741775,0 -89.145754,13.741082,0 -89.145612,13.740736,0 -89.145363,13.740424,0 -89.144864,13.740286,0 -89.144615,13.740113,0 -89.144687,13.739697,0 -89.144509,13.739524,0 -89.144437,13.739524,0 -89.144259,13.739282,0 -89.144259,13.738936,0 -89.144188,13.738866,0 -89.144188,13.738451,0 -89.144117,13.738313,0 -89.144010,13.738209,0 -89.143085,13.738209,0 -89.142978,13.738105,0 -89.143227,13.737863,0 -89.143797,13.737724,0 -89.143904,13.737551,0 -89.143904,13.737412,0 -89.144188,13.737135,0 -89.144188,13.736859,0 -89.144046,13.736512,0 -89.144117,13.735889,0 -89.144259,13.735612,0 -89.144259,13.735474,0 -89.144402,13.735266,0 -89.144473,13.734643,0 -89.144615,13.734504,0 -89.144758,13.734158,0 -89.144829,13.733604,0 -89.144971,13.733327,0 -89.144971,13.733120,0 -89.145185,13.732635,0 -89.145327,13.732081,0 -89.145576,13.731908,0 -89.145790,13.731908,0 -89.146288,13.731631,0 -89.146502,13.731631,0 -89.146680,13.731389,0 -89.146680,13.730904,0 -89.146608,13.730835,0 -89.146608,13.730696,0 -89.146680,13.730627,0 -89.146680,13.730419,0 -89.146608,13.730350,0 -89.146608,13.729796,0 -89.146395,13.729658,0 -89.146466,13.729519,0 -89.146466,13.728965,0 -89.146644,13.728792,0 -89.147213,13.728792,0 -89.147285,13.728723,0 -89.147569,13.728723,0 -89.147890,13.728273,0 -89.147961,13.728065,0 -89.148423,13.727615,0 -89.148779,13.727407,0 -89.148993,13.727199,0 -89.152410,13.726576,0 -89.153762,13.725261,0</coordinates></LinearRing></outerBoundaryIs></Polygon></Placemark>
<Placemark><name>Zona 11</name><description>Zona 11 · Ciudad Delgado · área aproximada 7.02 km²</description><ExtendedData><Data name="zona"><value>11</value></Data><Data name="area_km2"><value>7.016</value></Data></ExtendedData><styleUrl>#z11</styleUrl><Polygon><tessellate>1</tessellate><outerBoundaryIs><LinearRing><coordinates>-89.156823,13.741602,0 -89.157392,13.741602,0 -89.157463,13.741671,0 -89.158745,13.741671,0 -89.158816,13.741740,0 -89.159029,13.741671,0 -89.159100,13.741740,0 -89.159385,13.741740,0 -89.159456,13.741809,0 -89.159812,13.741809,0 -89.159883,13.741878,0 -89.159955,13.741809,0 -89.160239,13.741809,0 -89.160310,13.741740,0 -89.160595,13.741740,0 -89.160702,13.741844,0 -89.160702,13.742052,0 -89.160631,13.742121,0 -89.160631,13.742813,0 -89.160809,13.743056,0 -89.160951,13.743056,0 -89.161165,13.742779,0 -89.162090,13.742848,0 -89.163691,13.744198,0 -89.163691,13.744613,0 -89.163620,13.744683,0 -89.163620,13.745721,0 -89.164119,13.746621,0 -89.164190,13.747037,0 -89.164261,13.747106,0 -89.164261,13.747245,0 -89.164332,13.747314,0 -89.164474,13.747799,0 -89.164652,13.747972,0 -89.164866,13.747972,0 -89.164937,13.748041,0 -89.165080,13.748041,0 -89.165151,13.747972,0 -89.166147,13.747972,0 -89.166290,13.748041,0 -89.166468,13.748283,0 -89.166396,13.748699,0 -89.166325,13.748768,0 -89.166325,13.749045,0 -89.166183,13.749253,0 -89.166183,13.749530,0 -89.166040,13.749807,0 -89.166040,13.750707,0 -89.166112,13.750776,0 -89.166112,13.751053,0 -89.165934,13.751226,0 -89.165862,13.751226,0 -89.165720,13.751087,0 -89.165008,13.750741,0 -89.164581,13.750672,0 -89.163869,13.750395,0 -89.162731,13.750464,0 -89.162446,13.750326,0 -89.162019,13.750257,0 -89.161521,13.750049,0 -89.161307,13.750049,0 -89.160595,13.749772,0 -89.160097,13.749772,0 -89.160026,13.749841,0 -89.158602,13.749841,0 -89.158531,13.749910,0 -89.158033,13.749980,0 -89.157784,13.750153,0 -89.157997,13.750637,0 -89.158139,13.750776,0 -89.158139,13.751261,0 -89.158068,13.751330,0 -89.158068,13.751676,0 -89.157997,13.751814,0 -89.158353,13.752645,0 -89.158353,13.753338,0 -89.158282,13.753407,0 -89.158282,13.753615,0 -89.158139,13.753892,0 -89.158139,13.754099,0 -89.158068,13.754169,0 -89.158068,13.754653,0 -89.157997,13.754723,0 -89.157926,13.755623,0 -89.157855,13.755692,0 -89.157784,13.756177,0 -89.157712,13.756246,0 -89.157712,13.756454,0 -89.157570,13.756731,0 -89.157499,13.757284,0 -89.157357,13.757561,0 -89.157357,13.757838,0 -89.157285,13.757908,0 -89.157285,13.760193,0 -89.157214,13.760262,0 -89.157285,13.760677,0 -89.156751,13.761335,0 -89.155897,13.761751,0 -89.155613,13.761751,0 -89.155541,13.761820,0 -89.155257,13.761820,0 -89.155186,13.761889,0 -89.154545,13.761958,0 -89.154474,13.762027,0 -89.154189,13.762027,0 -89.153798,13.762339,0 -89.153477,13.762720,0 -89.153335,13.762720,0 -89.153264,13.762651,0 -89.152908,13.762651,0 -89.152765,13.762512,0 -89.152623,13.762512,0 -89.152303,13.763447,0 -89.151662,13.764139,0 -89.151662,13.764209,0 -89.151093,13.764832,0 -89.151093,13.764901,0 -89.150416,13.765559,0 -89.149918,13.765836,0 -89.149740,13.766009,0 -89.149313,13.766909,0 -89.149206,13.767013,0 -89.148281,13.767082,0 -89.147925,13.766944,0 -89.147569,13.766944,0 -89.147285,13.766805,0 -89.147071,13.766805,0 -89.147000,13.766736,0 -89.146430,13.766736,0 -89.146075,13.766528,0 -89.145897,13.766563,0 -89.145897,13.766701,0 -89.147107,13.767809,0 -89.147249,13.768086,0 -89.147320,13.768432,0 -89.147676,13.769125,0 -89.148032,13.769540,0 -89.148032,13.769609,0 -89.148673,13.770094,0 -89.148744,13.770232,0 -89.148744,13.770786,0 -89.148815,13.770856,0 -89.148815,13.770994,0 -89.149028,13.771271,0 -89.149028,13.771410,0 -89.149740,13.772794,0 -89.150061,13.773106,0 -89.150559,13.773314,0 -89.150737,13.773487,0 -89.150879,13.774248,0 -89.151271,13.774491,0 -89.151662,13.774941,0 -89.151662,13.775149,0 -89.151591,13.775218,0 -89.151591,13.775702,0 -89.151164,13.776741,0 -89.151164,13.777087,0 -89.151093,13.777157,0 -89.151022,13.777572,0 -89.150879,13.777780,0 -89.150879,13.778057,0 -89.150772,13.778161,0 -89.150488,13.778161,0 -89.150416,13.778091,0 -89.149634,13.778091,0 -89.149562,13.778022,0 -89.148210,13.778022,0 -89.148139,13.778091,0 -89.147427,13.778091,0 -89.147320,13.778195,0 -89.147391,13.779026,0 -89.146644,13.779822,0 -89.146359,13.779961,0 -89.145932,13.780307,0 -89.145719,13.780307,0 -89.145434,13.780099,0 -89.145078,13.780099,0 -89.145007,13.780169,0 -89.144509,13.780238,0 -89.144331,13.780065,0 -89.144259,13.779649,0 -89.144188,13.779580,0 -89.144188,13.779372,0 -89.144117,13.779303,0 -89.144117,13.778818,0 -89.144188,13.778749,0 -89.144188,13.778541,0 -89.144259,13.778403,0 -89.144473,13.778195,0 -89.144473,13.778057,0 -89.144224,13.778022,0 -89.142800,13.778714,0 -89.142551,13.778957,0 -89.142480,13.779165,0 -89.142338,13.779303,0 -89.142195,13.779788,0 -89.141946,13.780169,0 -89.141697,13.779788,0 -89.141555,13.779234,0 -89.141412,13.779026,0 -89.141341,13.778680,0 -89.141199,13.778472,0 -89.141128,13.778126,0 -89.141056,13.778057,0 -89.141056,13.775633,0 -89.141128,13.775564,0 -89.141128,13.775218,0 -89.141199,13.775149,0 -89.141199,13.774179,0 -89.141128,13.774110,0 -89.141128,13.773625,0 -89.141056,13.773556,0 -89.141056,13.773348,0 -89.140843,13.773002,0 -89.140843,13.772794,0 -89.140772,13.772725,0 -89.140772,13.772102,0 -89.140700,13.772033,0 -89.140629,13.771548,0 -89.140487,13.771202,0 -89.140487,13.770786,0 -89.140558,13.770717,0 -89.140558,13.770440,0 -89.140629,13.770371,0 -89.140629,13.769817,0 -89.140345,13.769332,0 -89.140273,13.768778,0 -89.140131,13.768501,0 -89.140131,13.768294,0 -89.139917,13.767878,0 -89.138779,13.766840,0 -89.138707,13.766632,0 -89.138529,13.766459,0 -89.138316,13.766390,0 -89.138067,13.766078,0 -89.138138,13.765801,0 -89.137853,13.765455,0 -89.137924,13.765109,0 -89.137996,13.765039,0 -89.137996,13.764624,0 -89.137782,13.764347,0 -89.137782,13.764209,0 -89.137711,13.764139,0 -89.137711,13.764001,0 -89.137782,13.763932,0 -89.137782,13.763724,0 -89.137711,13.763655,0 -89.137889,13.763482,0 -89.138601,13.763482,0 -89.138850,13.763308,0 -89.139063,13.762893,0 -89.139063,13.762616,0 -89.139134,13.762547,0 -89.139134,13.762408,0 -89.139277,13.762201,0 -89.139277,13.762062,0 -89.139134,13.761924,0 -89.139134,13.761647,0 -89.139063,13.761577,0 -89.138992,13.759916,0 -89.138921,13.759846,0 -89.138921,13.759569,0 -89.138636,13.758877,0 -89.138636,13.758254,0 -89.138743,13.758150,0 -89.139312,13.758150,0 -89.139419,13.757977,0 -89.139419,13.757561,0 -89.139312,13.757458,0 -89.139170,13.757388,0 -89.138743,13.757388,0 -89.138636,13.757284,0 -89.138707,13.756869,0 -89.138850,13.756592,0 -89.138850,13.755692,0 -89.138921,13.755623,0 -89.138921,13.754307,0 -89.138850,13.754238,0 -89.138850,13.753684,0 -89.138921,13.753615,0 -89.138921,13.752438,0 -89.138850,13.752368,0 -89.138850,13.751468,0 -89.138779,13.751399,0 -89.138779,13.750914,0 -89.138850,13.750845,0 -89.138850,13.750291,0 -89.138921,13.750222,0 -89.138992,13.749807,0 -89.139063,13.749737,0 -89.139063,13.748837,0 -89.138921,13.748491,0 -89.138921,13.748214,0 -89.138814,13.748110,0 -89.138316,13.747902,0 -89.138174,13.747902,0 -89.137960,13.747764,0 -89.137818,13.747764,0 -89.137640,13.747591,0 -89.138031,13.747210,0 -89.138102,13.747210,0 -89.138458,13.746864,0 -89.138529,13.746864,0 -89.138850,13.746483,0 -89.138779,13.746414,0 -89.138779,13.745652,0 -89.138707,13.745583,0 -89.138707,13.744890,0 -89.138636,13.744821,0 -89.138636,13.744198,0 -89.138565,13.744129,0 -89.138565,13.743852,0 -89.138672,13.743748,0 -89.138743,13.743817,0 -89.138957,13.743817,0 -89.139455,13.744025,0 -89.140309,13.744025,0 -89.140380,13.744094,0 -89.141590,13.744094,0 -89.141661,13.744025,0 -89.144010,13.744025,0 -89.144081,13.743956,0 -89.144224,13.743956,0 -89.144580,13.743540,0 -89.144651,13.743540,0 -89.144936,13.743263,0 -89.145505,13.742986,0 -89.145719,13.742779,0 -89.146288,13.742917,0 -89.146359,13.742986,0 -89.146573,13.742986,0 -89.146644,13.743056,0 -89.146929,13.743056,0 -89.148566,13.742225,0 -89.149135,13.742225,0 -89.149206,13.742294,0 -89.149562,13.742294,0 -89.149847,13.742432,0 -89.150274,13.742432,0 -89.150488,13.742294,0 -89.150844,13.742225,0 -89.151271,13.742017,0 -89.152410,13.742017,0 -89.152481,13.741948,0 -89.152694,13.741948,0 -89.152908,13.741809,0 -89.153121,13.741809,0 -89.153192,13.741878,0 -89.153264,13.741809,0 -89.153691,13.741809,0 -89.153762,13.741740,0 -89.155399,13.741740,0 -89.155470,13.741809,0 -89.155684,13.741809,0 -89.156111,13.742294,0 -89.156467,13.741948,0 -89.156574,13.741913,0 -89.156823,13.741602,0</coordinates></LinearRing></outerBoundaryIs></Polygon></Placemark>
<Placemark><name>Zona 12</name><description>Zona 12 · Ciudad Delgado · área aproximada 0.30 km²</description><ExtendedData><Data name="zona"><value>12</value></Data><Data name="area_km2"><value>0.298</value></Data></ExtendedData><styleUrl>#z12</styleUrl><Polygon><tessellate>1</tessellate><outerBoundaryIs><LinearRing><coordinates>-89.176184,13.708435,0 -89.176361,13.708678,0 -89.176290,13.708747,0 -89.176290,13.708885,0 -89.175828,13.709266,0 -89.175258,13.709543,0 -89.174902,13.709889,0 -89.174760,13.709889,0 -89.174511,13.710132,0 -89.174511,13.710547,0 -89.174582,13.710616,0 -89.174582,13.710824,0 -89.174511,13.710893,0 -89.174511,13.711101,0 -89.174368,13.711309,0 -89.174297,13.711863,0 -89.174368,13.711932,0 -89.174368,13.712070,0 -89.174653,13.712347,0 -89.174724,13.712624,0 -89.174368,13.712832,0 -89.174368,13.713317,0 -89.174440,13.713386,0 -89.174440,13.713663,0 -89.174297,13.713801,0 -89.174297,13.714078,0 -89.174582,13.714425,0 -89.174582,13.714771,0 -89.174511,13.714840,0 -89.174511,13.714978,0 -89.174582,13.715048,0 -89.174582,13.715532,0 -89.174368,13.715671,0 -89.174297,13.715809,0 -89.174297,13.716017,0 -89.174191,13.716121,0 -89.174048,13.716121,0 -89.173763,13.716259,0 -89.173123,13.716259,0 -89.173052,13.716329,0 -89.172767,13.716329,0 -89.172696,13.716398,0 -89.172553,13.716398,0 -89.172340,13.716190,0 -89.171770,13.716052,0 -89.171664,13.716156,0 -89.171592,13.716363,0 -89.171414,13.716536,0 -89.171343,13.716467,0 -89.170845,13.716467,0 -89.170774,13.716398,0 -89.170204,13.716398,0 -89.170098,13.716294,0 -89.170098,13.716156,0 -89.170169,13.716086,0 -89.170169,13.715809,0 -89.170240,13.715740,0 -89.170240,13.715463,0 -89.170382,13.715117,0 -89.170382,13.714840,0 -89.170525,13.714494,0 -89.170525,13.714286,0 -89.170667,13.714009,0 -89.170667,13.713524,0 -89.170738,13.713455,0 -89.170738,13.713247,0 -89.171094,13.712555,0 -89.171664,13.711724,0 -89.172162,13.710755,0 -89.172162,13.710616,0 -89.172304,13.710409,0 -89.172375,13.710062,0 -89.172660,13.709578,0 -89.172660,13.709439,0 -89.172874,13.709024,0 -89.173052,13.708851,0 -89.173621,13.708851,0 -89.173692,13.708920,0 -89.174404,13.708920,0 -89.174475,13.708851,0 -89.174831,13.708851,0 -89.174902,13.708781,0 -89.175116,13.708781,0 -89.175401,13.708643,0 -89.175828,13.708574,0 -89.175899,13.708505,0 -89.176112,13.708505,0 -89.176184,13.708435,0</coordinates></LinearRing></outerBoundaryIs></Polygon></Placemark>
<Placemark><name>Zona 13</name><description>Zona 13 · Ciudad Delgado · área aproximada 3.68 km²</description><ExtendedData><Data name="zona"><value>13</value></Data><Data name="area_km2"><value>3.683</value></Data></ExtendedData><styleUrl>#z13</styleUrl><Polygon><tessellate>1</tessellate><outerBoundaryIs><LinearRing><coordinates>-89.144224,13.778022,0 -89.144366,13.778022,0 -89.144473,13.778126,0 -89.144188,13.778541,0 -89.144188,13.778749,0 -89.144117,13.778818,0 -89.144117,13.779303,0 -89.144188,13.779372,0 -89.144188,13.779580,0 -89.144259,13.779649,0 -89.144259,13.779857,0 -89.144402,13.780203,0 -89.144651,13.780238,0 -89.144722,13.780169,0 -89.145007,13.780169,0 -89.145078,13.780099,0 -89.145434,13.780099,0 -89.145719,13.780307,0 -89.145932,13.780307,0 -89.146359,13.779961,0 -89.146644,13.779822,0 -89.147391,13.779026,0 -89.147320,13.778195,0 -89.147427,13.778091,0 -89.148139,13.778091,0 -89.148210,13.778022,0 -89.149562,13.778022,0 -89.149634,13.778091,0 -89.150416,13.778091,0 -89.150488,13.778161,0 -89.150844,13.778161,0 -89.150986,13.778230,0 -89.151306,13.778541,0 -89.151164,13.779026,0 -89.151093,13.779095,0 -89.151093,13.779303,0 -89.151342,13.779476,0 -89.151840,13.779407,0 -89.152587,13.780272,0 -89.153015,13.780896,0 -89.153406,13.781138,0 -89.153548,13.781138,0 -89.153726,13.781311,0 -89.153798,13.781726,0 -89.153975,13.781900,0 -89.154260,13.781900,0 -89.154367,13.782003,0 -89.154367,13.782557,0 -89.154580,13.782973,0 -89.154509,13.783596,0 -89.155114,13.783631,0 -89.155186,13.783561,0 -89.155399,13.783561,0 -89.155755,13.783423,0 -89.156787,13.784565,0 -89.157357,13.785604,0 -89.157357,13.785742,0 -89.157534,13.785915,0 -89.157677,13.785915,0 -89.158531,13.786331,0 -89.159029,13.786331,0 -89.159100,13.786262,0 -89.159527,13.786262,0 -89.159599,13.786192,0 -89.160097,13.786192,0 -89.160239,13.786123,0 -89.160310,13.786192,0 -89.161022,13.786192,0 -89.161093,13.786262,0 -89.161948,13.786262,0 -89.162019,13.786331,0 -89.162588,13.786400,0 -89.162659,13.786469,0 -89.162802,13.786469,0 -89.162873,13.786400,0 -89.163300,13.786400,0 -89.163371,13.786331,0 -89.163656,13.786331,0 -89.164012,13.786192,0 -89.164297,13.786192,0 -89.164368,13.786123,0 -89.164937,13.786054,0 -89.166147,13.785015,0 -89.166290,13.785015,0 -89.166503,13.785292,0 -89.167001,13.785500,0 -89.167250,13.785742,0 -89.167322,13.786019,0 -89.166966,13.786712,0 -89.166752,13.786989,0 -89.166752,13.787266,0 -89.166681,13.787335,0 -89.166681,13.787612,0 -89.166966,13.788027,0 -89.166966,13.788304,0 -89.167037,13.788374,0 -89.167037,13.788789,0 -89.166966,13.788858,0 -89.167037,13.791143,0 -89.167250,13.791420,0 -89.165080,13.793324,0 -89.165008,13.793324,0 -89.164795,13.793532,0 -89.164581,13.793601,0 -89.164403,13.793774,0 -89.164332,13.793982,0 -89.164190,13.794120,0 -89.164119,13.794328,0 -89.163834,13.794744,0 -89.163834,13.795021,0 -89.163763,13.795090,0 -89.163763,13.795228,0 -89.163478,13.795782,0 -89.163051,13.796405,0 -89.162802,13.796648,0 -89.162731,13.796648,0 -89.162375,13.796994,0 -89.162303,13.796994,0 -89.161876,13.797409,0 -89.161805,13.797409,0 -89.161271,13.797929,0 -89.161129,13.798136,0 -89.161129,13.798483,0 -89.161200,13.798552,0 -89.161200,13.798690,0 -89.161093,13.798794,0 -89.160809,13.798933,0 -89.160666,13.798933,0 -89.160453,13.799071,0 -89.160239,13.799071,0 -89.159029,13.798033,0 -89.158033,13.797548,0 -89.157321,13.797063,0 -89.156680,13.796786,0 -89.155399,13.796786,0 -89.154901,13.796994,0 -89.153975,13.796925,0 -89.153904,13.796855,0 -89.153121,13.796855,0 -89.152908,13.796717,0 -89.152765,13.796717,0 -89.152623,13.796579,0 -89.152196,13.796371,0 -89.152054,13.796371,0 -89.151840,13.796232,0 -89.151698,13.796232,0 -89.151413,13.796094,0 -89.150772,13.795540,0 -89.149918,13.795124,0 -89.148779,13.795124,0 -89.148495,13.795263,0 -89.148139,13.795332,0 -89.147712,13.795609,0 -89.147213,13.795748,0 -89.147142,13.795817,0 -89.146644,13.795817,0 -89.146110,13.795436,0 -89.146039,13.795021,0 -89.145968,13.794951,0 -89.145897,13.794605,0 -89.145825,13.794536,0 -89.145825,13.794328,0 -89.145683,13.794051,0 -89.145683,13.793567,0 -89.145612,13.793497,0 -89.145612,13.793290,0 -89.145469,13.793013,0 -89.145469,13.792805,0 -89.145327,13.792666,0 -89.145114,13.792251,0 -89.143619,13.790728,0 -89.143476,13.790451,0 -89.143476,13.790312,0 -89.143334,13.790105,0 -89.144046,13.789481,0 -89.144046,13.789066,0 -89.144117,13.788997,0 -89.144117,13.788304,0 -89.144758,13.787750,0 -89.144758,13.787404,0 -89.144473,13.786919,0 -89.144473,13.786781,0 -89.143975,13.785812,0 -89.143975,13.784842,0 -89.143904,13.784704,0 -89.143726,13.784600,0 -89.143299,13.784600,0 -89.143121,13.784427,0 -89.142836,13.784011,0 -89.142765,13.783804,0 -89.142622,13.783665,0 -89.142622,13.783527,0 -89.142907,13.783250,0 -89.142978,13.783042,0 -89.142836,13.782765,0 -89.142836,13.782627,0 -89.142693,13.782419,0 -89.142622,13.782073,0 -89.142480,13.781865,0 -89.142338,13.781311,0 -89.142195,13.781103,0 -89.142053,13.780549,0 -89.141911,13.780342,0 -89.142195,13.779788,0 -89.142338,13.779303,0 -89.142480,13.779165,0 -89.142551,13.778957,0 -89.142800,13.778714,0 -89.144224,13.778022,0</coordinates></LinearRing></outerBoundaryIs></Polygon></Placemark>
<Placemark><name>Zona 14</name><description>Zona 14 · Ciudad Delgado · área aproximada 4.93 km²</description><ExtendedData><Data name="zona"><value>14</value></Data><Data name="area_km2"><value>4.931</value></Data></ExtendedData><styleUrl>#z14</styleUrl><Polygon><tessellate>1</tessellate><outerBoundaryIs><LinearRing><coordinates>-89.160097,13.749772,0 -89.160595,13.749772,0 -89.161307,13.750049,0 -89.161521,13.750049,0 -89.162019,13.750257,0 -89.162446,13.750326,0 -89.162731,13.750464,0 -89.163869,13.750395,0 -89.164581,13.750672,0 -89.165008,13.750741,0 -89.165720,13.751087,0 -89.165969,13.751330,0 -89.165969,13.751538,0 -89.165720,13.751918,0 -89.165507,13.751918,0 -89.165222,13.752126,0 -89.164866,13.752195,0 -89.164439,13.752472,0 -89.163941,13.752680,0 -89.163763,13.752853,0 -89.163691,13.753130,0 -89.163478,13.753407,0 -89.162980,13.754446,0 -89.162980,13.754653,0 -89.163051,13.754723,0 -89.163122,13.755069,0 -89.163264,13.755277,0 -89.163264,13.755415,0 -89.163691,13.756038,0 -89.163798,13.756142,0 -89.163941,13.756142,0 -89.164083,13.755934,0 -89.164225,13.755934,0 -89.164617,13.756454,0 -89.164617,13.756592,0 -89.164759,13.756800,0 -89.164830,13.757146,0 -89.165044,13.757561,0 -89.165044,13.757769,0 -89.165115,13.757838,0 -89.165115,13.758669,0 -89.164973,13.758946,0 -89.164795,13.759119,0 -89.164581,13.759258,0 -89.164083,13.759396,0 -89.163656,13.759743,0 -89.163229,13.759950,0 -89.162588,13.760019,0 -89.162339,13.759846,0 -89.162339,13.759708,0 -89.162161,13.759535,0 -89.161876,13.759396,0 -89.161592,13.759396,0 -89.161271,13.759708,0 -89.161271,13.759846,0 -89.161129,13.760123,0 -89.160773,13.760539,0 -89.160702,13.760816,0 -89.160915,13.761300,0 -89.160987,13.761647,0 -89.161414,13.762408,0 -89.161414,13.762685,0 -89.161485,13.762754,0 -89.161414,13.762893,0 -89.161485,13.762962,0 -89.161414,13.763724,0 -89.160275,13.764901,0 -89.160133,13.765178,0 -89.160133,13.765455,0 -89.160382,13.765766,0 -89.160595,13.765905,0 -89.160738,13.765974,0 -89.161022,13.765974,0 -89.161093,13.766043,0 -89.161307,13.766043,0 -89.162019,13.766736,0 -89.162090,13.766736,0 -89.162303,13.766944,0 -89.162659,13.767082,0 -89.163015,13.767082,0 -89.163264,13.766840,0 -89.163478,13.766493,0 -89.164012,13.765974,0 -89.164154,13.765974,0 -89.164439,13.766113,0 -89.165257,13.766840,0 -89.165329,13.766978,0 -89.164190,13.768155,0 -89.164119,13.768432,0 -89.164332,13.768709,0 -89.164332,13.768848,0 -89.164154,13.769090,0 -89.163941,13.769159,0 -89.163834,13.769263,0 -89.163834,13.769956,0 -89.163905,13.770025,0 -89.163905,13.770440,0 -89.163976,13.770509,0 -89.163976,13.771133,0 -89.164083,13.771236,0 -89.165222,13.771236,0 -89.165685,13.771756,0 -89.165685,13.771825,0 -89.165898,13.771963,0 -89.165827,13.772240,0 -89.165578,13.772483,0 -89.165435,13.772552,0 -89.164866,13.772552,0 -89.164688,13.772656,0 -89.164688,13.772864,0 -89.164830,13.773141,0 -89.164830,13.773418,0 -89.164688,13.773556,0 -89.164688,13.773695,0 -89.164617,13.773764,0 -89.164688,13.775287,0 -89.165186,13.775841,0 -89.165364,13.776153,0 -89.165435,13.776153,0 -89.166290,13.776845,0 -89.166432,13.776845,0 -89.166645,13.776637,0 -89.166823,13.776326,0 -89.167073,13.776083,0 -89.167357,13.776153,0 -89.167784,13.776499,0 -89.167927,13.776499,0 -89.168283,13.776706,0 -89.168923,13.776706,0 -89.169030,13.776810,0 -89.169101,13.776880,0 -89.169101,13.777018,0 -89.168816,13.777226,0 -89.168816,13.777434,0 -89.169457,13.778057,0 -89.169457,13.778749,0 -89.169528,13.778818,0 -89.169528,13.779511,0 -89.169599,13.779580,0 -89.169599,13.779788,0 -89.169671,13.779857,0 -89.169671,13.779995,0 -89.169955,13.780203,0 -89.170240,13.780688,0 -89.170240,13.781034,0 -89.170169,13.781103,0 -89.170169,13.781726,0 -89.170062,13.781830,0 -89.169279,13.781969,0 -89.168923,13.782246,0 -89.168211,13.782315,0 -89.168033,13.782419,0 -89.167962,13.784081,0 -89.167856,13.784184,0 -89.167500,13.784254,0 -89.167428,13.784323,0 -89.167144,13.784323,0 -89.166503,13.784738,0 -89.166218,13.785015,0 -89.166147,13.785015,0 -89.164937,13.786054,0 -89.164368,13.786123,0 -89.164297,13.786192,0 -89.164012,13.786192,0 -89.163656,13.786331,0 -89.163371,13.786331,0 -89.163300,13.786400,0 -89.162873,13.786400,0 -89.162802,13.786469,0 -89.162375,13.786400,0 -89.162303,13.786331,0 -89.162019,13.786331,0 -89.161948,13.786262,0 -89.161093,13.786262,0 -89.161022,13.786192,0 -89.160310,13.786192,0 -89.160239,13.786123,0 -89.160097,13.786192,0 -89.159599,13.786192,0 -89.159527,13.786262,0 -89.159100,13.786262,0 -89.159029,13.786331,0 -89.158531,13.786331,0 -89.157677,13.785915,0 -89.157534,13.785915,0 -89.157357,13.785742,0 -89.157357,13.785604,0 -89.156787,13.784565,0 -89.155755,13.783423,0 -89.155684,13.783492,0 -89.155470,13.783492,0 -89.155114,13.783631,0 -89.154616,13.783631,0 -89.154509,13.783527,0 -89.154580,13.782973,0 -89.154367,13.782557,0 -89.154367,13.782003,0 -89.154260,13.781900,0 -89.153975,13.781900,0 -89.153798,13.781726,0 -89.153726,13.781311,0 -89.153548,13.781138,0 -89.153406,13.781138,0 -89.153015,13.780896,0 -89.152587,13.780272,0 -89.151840,13.779407,0 -89.151342,13.779476,0 -89.151093,13.779303,0 -89.151093,13.779095,0 -89.151164,13.779026,0 -89.151306,13.778541,0 -89.150879,13.778126,0 -89.150879,13.777780,0 -89.151093,13.777364,0 -89.151164,13.776741,0 -89.151306,13.776464,0 -89.151306,13.776326,0 -89.151520,13.775979,0 -89.151662,13.774941,0 -89.151271,13.774491,0 -89.150879,13.774248,0 -89.150737,13.773487,0 -89.150559,13.773314,0 -89.150061,13.773106,0 -89.149740,13.772794,0 -89.149028,13.771410,0 -89.149028,13.771271,0 -89.148815,13.770994,0 -89.148815,13.770856,0 -89.148744,13.770786,0 -89.148744,13.770232,0 -89.148673,13.770094,0 -89.148032,13.769609,0 -89.148032,13.769540,0 -89.147676,13.769125,0 -89.147320,13.768432,0 -89.147249,13.768086,0 -89.147107,13.767809,0 -89.145897,13.766701,0 -89.145968,13.766563,0 -89.146075,13.766528,0 -89.146430,13.766736,0 -89.147000,13.766736,0 -89.147071,13.766805,0 -89.147285,13.766805,0 -89.147569,13.766944,0 -89.147925,13.766944,0 -89.148281,13.767082,0 -89.149206,13.767013,0 -89.149313,13.766909,0 -89.149740,13.766009,0 -89.149918,13.765836,0 -89.150737,13.765316,0 -89.150737,13.765247,0 -89.151662,13.764209,0 -89.151662,13.764139,0 -89.152303,13.763447,0 -89.152445,13.762962,0 -89.152516,13.762893,0 -89.152516,13.762754,0 -89.152694,13.762512,0 -89.152908,13.762651,0 -89.153264,13.762651,0 -89.153335,13.762720,0 -89.153477,13.762720,0 -89.153798,13.762339,0 -89.154189,13.762027,0 -89.155186,13.761889,0 -89.155257,13.761820,0 -89.155541,13.761820,0 -89.155613,13.761751,0 -89.155897,13.761751,0 -89.156751,13.761335,0 -89.156929,13.761162,0 -89.157072,13.760885,0 -89.157285,13.760677,0 -89.157285,13.760470,0 -89.157214,13.760400,0 -89.157214,13.760262,0 -89.157285,13.760193,0 -89.157285,13.757908,0 -89.157357,13.757838,0 -89.157357,13.757561,0 -89.157499,13.757284,0 -89.157570,13.756731,0 -89.157641,13.756661,0 -89.157712,13.756246,0 -89.157784,13.756177,0 -89.157855,13.755692,0 -89.157926,13.755623,0 -89.157997,13.754723,0 -89.158068,13.754653,0 -89.158068,13.754169,0 -89.158139,13.754099,0 -89.158139,13.753892,0 -89.158282,13.753615,0 -89.158282,13.753407,0 -89.158353,13.753338,0 -89.158353,13.752645,0 -89.157997,13.751814,0 -89.158068,13.751676,0 -89.158068,13.751330,0 -89.158139,13.751261,0 -89.158139,13.750776,0 -89.157997,13.750637,0 -89.157784,13.750222,0 -89.158033,13.749980,0 -89.158531,13.749910,0 -89.158602,13.749841,0 -89.160026,13.749841,0 -89.160097,13.749772,0</coordinates></LinearRing></outerBoundaryIs></Polygon></Placemark>
<Placemark><name>Zona 15</name><description>Zona 15 · Ciudad Delgado · área aproximada 0.36 km²</description><ExtendedData><Data name="zona"><value>15</value></Data><Data name="area_km2"><value>0.357</value></Data></ExtendedData><styleUrl>#z15</styleUrl><Polygon><tessellate>1</tessellate><outerBoundaryIs><LinearRing><coordinates>-89.171414,13.780584,0 -89.171592,13.780757,0 -89.171877,13.781311,0 -89.171877,13.781449,0 -89.172304,13.782211,0 -89.172304,13.782350,0 -89.172518,13.782696,0 -89.172411,13.782800,0 -89.171770,13.782800,0 -89.171521,13.782973,0 -89.171450,13.783527,0 -89.171379,13.783596,0 -89.171379,13.785050,0 -89.171272,13.785154,0 -89.171059,13.785154,0 -89.170809,13.785258,0 -89.170596,13.785673,0 -89.169884,13.786504,0 -89.169884,13.786781,0 -89.170026,13.786989,0 -89.170026,13.787266,0 -89.169955,13.787335,0 -89.169955,13.788166,0 -89.169884,13.788235,0 -89.169884,13.789066,0 -89.169813,13.789204,0 -89.167500,13.791247,0 -89.167215,13.791385,0 -89.167037,13.791143,0 -89.167037,13.790035,0 -89.166966,13.789966,0 -89.166966,13.788858,0 -89.167037,13.788789,0 -89.167037,13.788374,0 -89.166966,13.788304,0 -89.166966,13.788027,0 -89.166681,13.787612,0 -89.166681,13.787335,0 -89.166752,13.787266,0 -89.166752,13.786989,0 -89.166966,13.786712,0 -89.167250,13.786158,0 -89.167322,13.785881,0 -89.167001,13.785500,0 -89.166503,13.785292,0 -89.166325,13.785050,0 -89.166325,13.784911,0 -89.167144,13.784323,0 -89.167428,13.784323,0 -89.167500,13.784254,0 -89.167962,13.784150,0 -89.168033,13.782488,0 -89.168211,13.782315,0 -89.168923,13.782246,0 -89.169279,13.781969,0 -89.169849,13.781900,0 -89.170204,13.781761,0 -89.170276,13.781830,0 -89.170560,13.781830,0 -89.170987,13.781553,0 -89.171237,13.781311,0 -89.171237,13.781172,0 -89.171308,13.781103,0 -89.171308,13.780688,0 -89.171414,13.780584,0</coordinates></LinearRing></outerBoundaryIs></Polygon></Placemark>
<Placemark><name>Zona 16</name><description>Zona 16 · Ciudad Delgado · área aproximada 1.07 km²</description><ExtendedData><Data name="zona"><value>16</value></Data><Data name="area_km2"><value>1.067</value></Data></ExtendedData><styleUrl>#z16</styleUrl><Polygon><tessellate>1</tessellate><outerBoundaryIs><LinearRing><coordinates>-89.175045,13.746795,0 -89.175329,13.746933,0 -89.176539,13.747902,0 -89.177322,13.748110,0 -89.177394,13.748179,0 -89.178177,13.748387,0 -89.178675,13.748595,0 -89.178888,13.748595,0 -89.178960,13.748664,0 -89.179315,13.748664,0 -89.179387,13.748733,0 -89.179671,13.748733,0 -89.179743,13.748803,0 -89.180098,13.748803,0 -89.180170,13.748872,0 -89.180526,13.748872,0 -89.180597,13.748941,0 -89.180953,13.748941,0 -89.181024,13.749010,0 -89.181380,13.749010,0 -89.181451,13.749079,0 -89.181736,13.749079,0 -89.181807,13.749149,0 -89.182163,13.749149,0 -89.182234,13.749218,0 -89.182874,13.749287,0 -89.183159,13.749426,0 -89.183942,13.749633,0 -89.184013,13.749703,0 -89.184156,13.749703,0 -89.185864,13.750534,0 -89.186398,13.751053,0 -89.186398,13.751122,0 -89.186825,13.751538,0 -89.186825,13.751745,0 -89.186896,13.751814,0 -89.186896,13.752230,0 -89.186967,13.752299,0 -89.186967,13.752784,0 -89.187038,13.752853,0 -89.187038,13.753269,0 -89.187110,13.753338,0 -89.187110,13.753546,0 -89.187537,13.754169,0 -89.187608,13.754792,0 -89.188498,13.755588,0 -89.188782,13.755727,0 -89.188925,13.755727,0 -89.189031,13.755830,0 -89.189031,13.755969,0 -89.188676,13.756384,0 -89.188462,13.756800,0 -89.188177,13.757077,0 -89.188177,13.757146,0 -89.187964,13.757354,0 -89.187537,13.757977,0 -89.187252,13.758254,0 -89.187181,13.758462,0 -89.187038,13.758600,0 -89.186967,13.758808,0 -89.186825,13.758946,0 -89.186754,13.759154,0 -89.186433,13.759604,0 -89.186291,13.759604,0 -89.186006,13.759466,0 -89.185793,13.759466,0 -89.185722,13.759396,0 -89.185437,13.759396,0 -89.185366,13.759327,0 -89.184939,13.759604,0 -89.184084,13.759743,0 -89.183729,13.759950,0 -89.183586,13.759950,0 -89.183088,13.759466,0 -89.182946,13.759396,0 -89.182376,13.759396,0 -89.182269,13.759292,0 -89.182341,13.758808,0 -89.182234,13.758704,0 -89.182020,13.758704,0 -89.181878,13.758635,0 -89.181629,13.758254,0 -89.181629,13.758115,0 -89.181486,13.757838,0 -89.181486,13.757008,0 -89.180597,13.756350,0 -89.179031,13.755588,0 -89.178568,13.755277,0 -89.178568,13.753615,0 -89.178355,13.753130,0 -89.178355,13.752922,0 -89.178212,13.752715,0 -89.178212,13.752576,0 -89.177999,13.752161,0 -89.177999,13.752022,0 -89.177856,13.751814,0 -89.177856,13.751676,0 -89.177643,13.751261,0 -89.176717,13.750291,0 -89.176717,13.750153,0 -89.176433,13.749460,0 -89.176255,13.749356,0 -89.175614,13.749356,0 -89.175543,13.749287,0 -89.175329,13.749287,0 -89.175045,13.749079,0 -89.174689,13.749218,0 -89.174191,13.749218,0 -89.174084,13.749114,0 -89.174155,13.749045,0 -89.174155,13.748352,0 -89.174297,13.748006,0 -89.174440,13.747868,0 -89.174440,13.747452,0 -89.174582,13.747175,0 -89.175045,13.746795,0</coordinates></LinearRing></outerBoundaryIs></Polygon></Placemark>
<Placemark><name>Zona 17</name><description>Zona 17 · Ciudad Delgado · área aproximada 1.81 km²</description><ExtendedData><Data name="zona"><value>17</value></Data><Data name="area_km2"><value>1.811</value></Data></ExtendedData><styleUrl>#z17</styleUrl><Polygon><tessellate>1</tessellate><outerBoundaryIs><LinearRing><coordinates>-89.174618,13.746656,0 -89.174760,13.746656,0 -89.175009,13.746829,0 -89.174582,13.747175,0 -89.174440,13.747452,0 -89.174440,13.747868,0 -89.174297,13.748006,0 -89.174155,13.748352,0 -89.174155,13.749045,0 -89.174084,13.749114,0 -89.174191,13.749218,0 -89.174689,13.749218,0 -89.175045,13.749079,0 -89.175329,13.749287,0 -89.175543,13.749287,0 -89.175614,13.749356,0 -89.176255,13.749356,0 -89.176504,13.749599,0 -89.176646,13.750083,0 -89.176717,13.750153,0 -89.176717,13.750291,0 -89.177643,13.751261,0 -89.177856,13.751676,0 -89.177856,13.751814,0 -89.177999,13.752022,0 -89.178070,13.752368,0 -89.178212,13.752576,0 -89.178212,13.752715,0 -89.178355,13.752922,0 -89.178355,13.753130,0 -89.178568,13.753615,0 -89.178568,13.755277,0 -89.179031,13.755588,0 -89.180597,13.756350,0 -89.181486,13.757008,0 -89.181486,13.757838,0 -89.181558,13.757908,0 -89.181629,13.758254,0 -89.181771,13.758462,0 -89.181771,13.758600,0 -89.182020,13.758704,0 -89.182234,13.758704,0 -89.182341,13.758808,0 -89.182341,13.759016,0 -89.182269,13.759085,0 -89.182305,13.759396,0 -89.182946,13.759396,0 -89.183088,13.759466,0 -89.183586,13.759950,0 -89.183729,13.759950,0 -89.184084,13.759743,0 -89.184939,13.759604,0 -89.185366,13.759327,0 -89.185437,13.759396,0 -89.185722,13.759396,0 -89.185793,13.759466,0 -89.186220,13.759535,0 -89.186398,13.759708,0 -89.185828,13.760608,0 -89.185828,13.761231,0 -89.186184,13.761577,0 -89.186327,13.761924,0 -89.186149,13.762097,0 -89.185722,13.762166,0 -89.185650,13.762097,0 -89.185508,13.762097,0 -89.185366,13.761958,0 -89.185010,13.761958,0 -89.184796,13.761751,0 -89.184156,13.761751,0 -89.183871,13.761889,0 -89.183657,13.761889,0 -89.183230,13.762166,0 -89.183088,13.762166,0 -89.183017,13.762097,0 -89.182376,13.762166,0 -89.182127,13.762339,0 -89.182127,13.762478,0 -89.181949,13.762651,0 -89.181878,13.762581,0 -89.181522,13.762581,0 -89.181166,13.762720,0 -89.180668,13.762789,0 -89.179956,13.763066,0 -89.179743,13.763066,0 -89.179529,13.763205,0 -89.179315,13.763205,0 -89.179244,13.763274,0 -89.178960,13.763274,0 -89.178675,13.763412,0 -89.178461,13.763412,0 -89.178248,13.763551,0 -89.177749,13.763689,0 -89.177394,13.763897,0 -89.177251,13.763897,0 -89.177002,13.764070,0 -89.176931,13.764209,0 -89.177002,13.764416,0 -89.176860,13.764624,0 -89.176860,13.764762,0 -89.177002,13.764970,0 -89.177002,13.765247,0 -89.176895,13.765351,0 -89.176184,13.765351,0 -89.176077,13.765247,0 -89.176006,13.765178,0 -89.176006,13.764762,0 -89.175934,13.764693,0 -89.175934,13.764486,0 -89.175685,13.764174,0 -89.175401,13.764174,0 -89.175329,13.764243,0 -89.175258,13.764174,0 -89.174760,13.764174,0 -89.174689,13.764105,0 -89.174546,13.764174,0 -89.174048,13.764174,0 -89.173977,13.764243,0 -89.173479,13.764243,0 -89.173408,13.764174,0 -89.172411,13.764174,0 -89.172340,13.764105,0 -89.171628,13.764105,0 -89.171557,13.764174,0 -89.171272,13.764174,0 -89.171023,13.764347,0 -89.171023,13.766355,0 -89.171201,13.766528,0 -89.171557,13.766528,0 -89.171664,13.766632,0 -89.171664,13.766978,0 -89.171343,13.767497,0 -89.170916,13.767497,0 -89.170738,13.767671,0 -89.170809,13.768294,0 -89.170703,13.768398,0 -89.170276,13.768398,0 -89.169991,13.768605,0 -89.169849,13.768605,0 -89.169457,13.768155,0 -89.169457,13.767948,0 -89.169386,13.767878,0 -89.169386,13.767463,0 -89.169813,13.766909,0 -89.169813,13.766770,0 -89.169884,13.766701,0 -89.169884,13.766286,0 -89.169813,13.766217,0 -89.169813,13.766078,0 -89.169599,13.765870,0 -89.169528,13.765663,0 -89.169315,13.765455,0 -89.169101,13.765039,0 -89.168816,13.764693,0 -89.168461,13.764416,0 -89.168389,13.764209,0 -89.169066,13.763828,0 -89.169279,13.763828,0 -89.169457,13.763655,0 -89.169528,13.763516,0 -89.169528,13.763101,0 -89.169457,13.763031,0 -89.169457,13.762685,0 -89.169386,13.762616,0 -89.169386,13.761993,0 -89.169528,13.761785,0 -89.169599,13.760885,0 -89.169777,13.760643,0 -89.170062,13.760573,0 -89.170276,13.760435,0 -89.170418,13.760435,0 -89.170952,13.759985,0 -89.171023,13.759846,0 -89.171023,13.758808,0 -89.171450,13.758323,0 -89.171450,13.758185,0 -89.171023,13.757561,0 -89.171094,13.757423,0 -89.171094,13.756177,0 -89.171308,13.755761,0 -89.171308,13.755277,0 -89.171592,13.754930,0 -89.171806,13.754376,0 -89.172091,13.754030,0 -89.172091,13.753684,0 -89.172304,13.753407,0 -89.172375,13.752645,0 -89.172518,13.752438,0 -89.172518,13.751884,0 -89.172304,13.751399,0 -89.172233,13.750845,0 -89.171735,13.750291,0 -89.171664,13.749668,0 -89.171735,13.749599,0 -89.171806,13.749183,0 -89.171948,13.748976,0 -89.171948,13.748837,0 -89.173479,13.747210,0 -89.174618,13.746656,0</coordinates></LinearRing></outerBoundaryIs></Polygon></Placemark>
<Placemark><name>Zona 18</name><description>Zona 18 · Ciudad Delgado · área aproximada 1.36 km²</description><ExtendedData><Data name="zona"><value>18</value></Data><Data name="area_km2"><value>1.361</value></Data></ExtendedData><styleUrl>#z18</styleUrl><Polygon><tessellate>1</tessellate><outerBoundaryIs><LinearRing><coordinates>-89.181237,13.741186,0 -89.181380,13.741186,0 -89.182234,13.741602,0 -89.182412,13.741775,0 -89.182341,13.742329,0 -89.182590,13.742640,0 -89.183088,13.742640,0 -89.183586,13.742086,0 -89.183657,13.742155,0 -89.183871,13.742155,0 -89.184156,13.742363,0 -89.184939,13.742294,0 -89.185117,13.742121,0 -89.185188,13.741775,0 -89.185295,13.741671,0 -89.185508,13.741671,0 -89.185686,13.741844,0 -89.185615,13.741982,0 -89.185615,13.742259,0 -89.185722,13.742432,0 -89.185864,13.742432,0 -89.186078,13.742571,0 -89.186505,13.742571,0 -89.187501,13.743263,0 -89.188213,13.743263,0 -89.188426,13.743402,0 -89.188569,13.743402,0 -89.188996,13.743609,0 -89.189743,13.744267,0 -89.189672,13.744683,0 -89.189743,13.744752,0 -89.189743,13.745098,0 -89.189814,13.745167,0 -89.189814,13.745306,0 -89.189708,13.745410,0 -89.189565,13.745410,0 -89.189316,13.745721,0 -89.189316,13.746829,0 -89.189494,13.747002,0 -89.190277,13.747002,0 -89.190348,13.747072,0 -89.191630,13.747072,0 -89.191736,13.747175,0 -89.191736,13.747868,0 -89.191665,13.747937,0 -89.191665,13.749460,0 -89.191594,13.749530,0 -89.191594,13.750014,0 -89.191380,13.750360,0 -89.191380,13.750568,0 -89.191309,13.750637,0 -89.191309,13.750776,0 -89.191380,13.750845,0 -89.191380,13.751538,0 -89.190597,13.752645,0 -89.190384,13.753061,0 -89.190384,13.753199,0 -89.190242,13.753407,0 -89.190242,13.753546,0 -89.190099,13.753753,0 -89.190099,13.753892,0 -89.189957,13.754099,0 -89.189957,13.754238,0 -89.189814,13.754446,0 -89.189814,13.754584,0 -89.189601,13.754930,0 -89.189601,13.755069,0 -89.189316,13.755415,0 -89.189245,13.755623,0 -89.189067,13.755796,0 -89.188498,13.755588,0 -89.187608,13.754792,0 -89.187537,13.754169,0 -89.187110,13.753546,0 -89.187110,13.753338,0 -89.187038,13.753269,0 -89.187038,13.752853,0 -89.186967,13.752784,0 -89.186967,13.752299,0 -89.186896,13.752230,0 -89.186896,13.751814,0 -89.186825,13.751745,0 -89.186825,13.751538,0 -89.185864,13.750534,0 -89.184156,13.749703,0 -89.184013,13.749703,0 -89.183942,13.749633,0 -89.183159,13.749426,0 -89.182874,13.749287,0 -89.182234,13.749218,0 -89.182163,13.749149,0 -89.181807,13.749149,0 -89.181736,13.749079,0 -89.181451,13.749079,0 -89.181380,13.749010,0 -89.181024,13.749010,0 -89.180953,13.748941,0 -89.180597,13.748941,0 -89.180526,13.748872,0 -89.180170,13.748872,0 -89.180098,13.748803,0 -89.179743,13.748803,0 -89.179671,13.748733,0 -89.179387,13.748733,0 -89.179315,13.748664,0 -89.178960,13.748664,0 -89.178888,13.748595,0 -89.178675,13.748595,0 -89.178390,13.748456,0 -89.178248,13.748456,0 -89.178177,13.748387,0 -89.178034,13.748387,0 -89.177109,13.748041,0 -89.176539,13.747902,0 -89.175329,13.746933,0 -89.175258,13.746933,0 -89.175080,13.746760,0 -89.175151,13.746691,0 -89.175151,13.746552,0 -89.174724,13.746206,0 -89.174724,13.745929,0 -89.174796,13.745791,0 -89.174902,13.745687,0 -89.175258,13.745548,0 -89.175579,13.745237,0 -89.175650,13.745029,0 -89.175756,13.744925,0 -89.176326,13.744994,0 -89.176753,13.745202,0 -89.176967,13.745202,0 -89.177287,13.744683,0 -89.177287,13.744406,0 -89.177465,13.744233,0 -89.177821,13.744233,0 -89.178105,13.743886,0 -89.178390,13.743817,0 -89.178817,13.743540,0 -89.179031,13.743471,0 -89.180454,13.741948,0 -89.180810,13.741878,0 -89.180988,13.741705,0 -89.181131,13.741498,0 -89.181131,13.741290,0 -89.181237,13.741186,0</coordinates></LinearRing></outerBoundaryIs></Polygon></Placemark>
</Folder><Folder><name>Nombres de zonas</name>
<Placemark><name>ZONA 1</name><styleUrl>#etiqueta</styleUrl><Point><coordinates>-89.171503,13.723007,0</coordinates></Point></Placemark>
<Placemark><name>ZONA 2</name><styleUrl>#etiqueta</styleUrl><Point><coordinates>-89.164593,13.716982,0</coordinates></Point></Placemark>
<Placemark><name>ZONA 3</name><styleUrl>#etiqueta</styleUrl><Point><coordinates>-89.167090,13.739946,0</coordinates></Point></Placemark>
<Placemark><name>ZONA 4</name><styleUrl>#etiqueta</styleUrl><Point><coordinates>-89.151797,13.721814,0</coordinates></Point></Placemark>
<Placemark><name>ZONA 5</name><styleUrl>#etiqueta</styleUrl><Point><coordinates>-89.167777,13.754823,0</coordinates></Point></Placemark>
<Placemark><name>ZONA 6</name><styleUrl>#etiqueta</styleUrl><Point><coordinates>-89.168700,13.710748,0</coordinates></Point></Placemark>
<Placemark><name>ZONA 7</name><styleUrl>#etiqueta</styleUrl><Point><coordinates>-89.166434,13.723769,0</coordinates></Point></Placemark>
<Placemark><name>ZONA 8</name><styleUrl>#etiqueta</styleUrl><Point><coordinates>-89.169909,13.729617,0</coordinates></Point></Placemark>
<Placemark><name>ZONA 9</name><styleUrl>#etiqueta</styleUrl><Point><coordinates>-89.167032,13.769271,0</coordinates></Point></Placemark>
<Placemark><name>ZONA 10</name><styleUrl>#etiqueta</styleUrl><Point><coordinates>-89.151948,13.735314,0</coordinates></Point></Placemark>
<Placemark><name>ZONA 11</name><styleUrl>#etiqueta</styleUrl><Point><coordinates>-89.148510,13.753253,0</coordinates></Point></Placemark>
<Placemark><name>ZONA 12</name><styleUrl>#etiqueta</styleUrl><Point><coordinates>-89.172478,13.714329,0</coordinates></Point></Placemark>
<Placemark><name>ZONA 13</name><styleUrl>#etiqueta</styleUrl><Point><coordinates>-89.151006,13.788882,0</coordinates></Point></Placemark>
<Placemark><name>ZONA 14</name><styleUrl>#etiqueta</styleUrl><Point><coordinates>-89.158149,13.776372,0</coordinates></Point></Placemark>
<Placemark><name>ZONA 15</name><styleUrl>#etiqueta</styleUrl><Point><coordinates>-89.169675,13.783875,0</coordinates></Point></Placemark>
<Placemark><name>ZONA 16</name><styleUrl>#etiqueta</styleUrl><Point><coordinates>-89.183149,13.753475,0</coordinates></Point></Placemark>
<Placemark><name>ZONA 17</name><styleUrl>#etiqueta</styleUrl><Point><coordinates>-89.176086,13.759281,0</coordinates></Point></Placemark>
<Placemark><name>ZONA 18</name><styleUrl>#etiqueta</styleUrl><Point><coordinates>-89.184750,13.746024,0</coordinates></Point></Placemark>
</Folder></Document></kml>